,id_anuncio,url,titulo,preco,condicao,qtd_vendida,marca,modelo,numero_peca,status
3169,MLB1904495774,https://produto.mercadolivre.com.br/MLB-1904495774-tampa-do-radiador-2008-chevrolet-omega-fittipaldi-36-_JM#position=23&search_layout=stack&type=item&tracking_id=6fec87a9-2a46-4be4-8252-62a26623c7aa,,,,,,,,OK
3170,MLB1905482965,https://produto.mercadolivre.com.br/MLB-1905482965-caixa-de-radiador-superior-dodge-ram-2003-2004-2005-3228-_JM#position=24&search_layout=stack&type=item&tracking_id=6fec87a9-2a46-4be4-8252-62a26623c7aa,,,,,,,,OK
3171,MLB1537039180,https://produto.mercadolivre.com.br/MLB-1537039180-tampa-do-radiador-2008-2009-chevrolet-omega-fittipaldi-36-_JM#position=25&search_layout=stack&type=item&tracking_id=6fec87a9-2a46-4be4-8252-62a26623c7aa,,,,,,,,OK
3172,MLB1544582103,https://produto.mercadolivre.com.br/MLB-1544582103-tampa-do-radiador-2009-chevrolet-omega-fittipaldi-36-_JM#position=26&search_layout=stack&type=item&tracking_id=6fec87a9-2a46-4be4-8252-62a26623c7aa,,,,,,,,OK
3173,MLB1544582129,https://produto.mercadolivre.com.br/MLB-1544582129-tampa-do-radiador-2008-chevrolet-omega-fittipaldi-36-_JM#position=27&search_layout=stack&type=item&tracking_id=6fec87a9-2a46-4be4-8252-62a26623c7aa,,,,,,,,OK
3174,MLB2062533853,https://produto.mercadolivre.com.br/MLB-2062533853-caixa-radiador-of-1418-2009-2010-2011-_JM#position=28&search_layout=stack&type=item&tracking_id=6fec87a9-2a46-4be4-8252-62a26623c7aa,,,,,,,,OK
3175,MLB2062578928,https://produto.mercadolivre.com.br/MLB-2062578928-caixa-radiador-of-1722-2009-2010-2011-_JM#position=29&search_layout=stack&type=item&tracking_id=6fec87a9-2a46-4be4-8252-62a26623c7aa,,,,,,,,OK
3176,MLB2062591421,https://produto.mercadolivre.com.br/MLB-2062591421-caixa-radiador-l1622-eletrnico-2007-2008-2009-2010-2011-_JM#position=30&search_layout=stack&type=item&tracking_id=6fec87a9-2a46-4be4-8252-62a26623c7aa,,,,,,,,OK
3177,MLB2062540275,https://produto.mercadolivre.com.br/MLB-2062540275-caixa-radiador-2423-2007-2008-2009-_JM#position=31&search_layout=stack&type=item&tracking_id=6fec87a9-2a46-4be4-8252-62a26623c7aa,,,,,,,,OK
3178,MLB2062565978,https://produto.mercadolivre.com.br/MLB-2062565978-caixa-radiador-l1620-eletrnico-2007-2008-2009-2010-2011-_JM#position=32&search_layout=stack&type=item&tracking_id=6fec87a9-2a46-4be4-8252-62a26623c7aa,,,,,,,,FAZER
3179,MLB2049101407,https://produto.mercadolivre.com.br/MLB-2049101407-defletor-da-ventoinha-do-radiador-onix-2020-2021-2022-_JM#position=33&search_layout=stack&type=item&tracking_id=6fec87a9-2a46-4be4-8252-62a26623c7aa,,,,,,,,FAZER
3180,MLB2062545611,https://produto.mercadolivre.com.br/MLB-2062545611-caixa-radiador-s5-p-_JM#position=34&search_layout=stack&type=item&tracking_id=6fec87a9-2a46-4be4-8252-62a26623c7aa,,,,,,,,FAZER
3181,MLB2050108598,https://produto.mercadolivre.com.br/MLB-2050108598-tampa-do-radiador-2008-2009-chevrolet-omega-fittipaldi-36-_JM#position=35&search_layout=stack&type=item&tracking_id=6fec87a9-2a46-4be4-8252-62a26623c7aa,,,,,,,,FAZER
3182,MLB2056041599,https://produto.mercadolivre.com.br/MLB-2056041599-tampa-do-radiador-2008-chevrolet-omega-fittipaldi-36-_JM#position=36&search_layout=stack&type=item&tracking_id=6fec87a9-2a46-4be4-8252-62a26623c7aa,,,,,,,,FAZER
3183,MLB2056060931,https://produto.mercadolivre.com.br/MLB-2056060931-tampa-do-radiador-2009-chevrolet-omega-fittipaldi-36-_JM#position=37&search_layout=stack&type=item&tracking_id=6fec87a9-2a46-4be4-8252-62a26623c7aa,,,,,,,,FAZER
3184,MLB2031040878,https://produto.mercadolivre.com.br/MLB-2031040878-tampa-do-radiador-2008-2009-chevrolet-omega-fittipaldi-36-_JM#position=38&search_layout=stack&type=item&tracking_id=6fec87a9-2a46-4be4-8252-62a26623c7aa,,,,,,,,FAZER
3185,MLB1916194530,https://produto.mercadolivre.com.br/MLB-1916194530-tampa-do-radiador-2008-2009-chevrolet-omega-fittipaldi-36-_JM#position=39&search_layout=stack&type=item&tracking_id=6fec87a9-2a46-4be4-8252-62a26623c7aa,,,,,,,,FAZER
3186,MLB2018845461,https://produto.mercadolivre.com.br/MLB-2018845461-tampa-do-radiador-2009-chevrolet-omega-fittipaldi-36-_JM#position=40&search_layout=stack&type=item&tracking_id=6fec87a9-2a46-4be4-8252-62a26623c7aa,,,,,,,,FAZER
3187,MLB2018845469,https://produto.mercadolivre.com.br/MLB-2018845469-tampa-do-radiador-2008-chevrolet-omega-fittipaldi-36-_JM#position=41&search_layout=stack&type=item&tracking_id=6fec87a9-2a46-4be4-8252-62a26623c7aa,,,,,,,,FAZER
3188,MLB1958472741,https://produto.mercadolivre.com.br/MLB-1958472741-tampa-do-radiador-2008-2009-chevrolet-omega-fittipaldi-36-_JM#position=43&search_layout=stack&type=item&tracking_id=6fec87a9-2a46-4be4-8252-62a26623c7aa,,,,,,,,FAZER
3189,MLB1888711831,https://produto.mercadolivre.com.br/MLB-1888711831-tampa-do-radiador-2008-2009-chevrolet-omega-fittipaldi-36-_JM#position=44&search_layout=stack&type=item&tracking_id=6fec87a9-2a46-4be4-8252-62a26623c7aa,,,,,,,,FAZER
3190,MLB2048662776,https://produto.mercadolivre.com.br/MLB-2048662776-tampa-do-radiador-2008-2009-chevrolet-omega-fittipaldi-36-_JM#position=45&search_layout=stack&type=item&tracking_id=6fec87a9-2a46-4be4-8252-62a26623c7aa,,,,,,,,FAZER
3191,MLB2054832372,https://produto.mercadolivre.com.br/MLB-2054832372-tampa-do-radiador-2009-chevrolet-omega-fittipaldi-36-_JM#position=46&search_layout=stack&type=item&tracking_id=6fec87a9-2a46-4be4-8252-62a26623c7aa,,,,,,,,FAZER
3192,MLB2054857792,https://produto.mercadolivre.com.br/MLB-2054857792-tampa-do-radiador-2008-chevrolet-omega-fittipaldi-36-_JM#position=47&search_layout=stack&type=item&tracking_id=6fec87a9-2a46-4be4-8252-62a26623c7aa,,,,,,,,FAZER
3193,MLB1916150042,https://produto.mercadolivre.com.br/MLB-1916150042-tampa-do-reservatorio-agua-do-radiador-bmw-735i-1990-a-2001-_JM#position=48&search_layout=stack&type=item&tracking_id=6fec87a9-2a46-4be4-8252-62a26623c7aa,,,,,,,,FAZER
3194,MLB1916163394,https://produto.mercadolivre.com.br/MLB-1916163394-tampa-reservatorio-agua-radiador-bmw-x5-44-2000-a-2006-_JM#position=49&search_layout=stack&type=item&tracking_id=6fec87a9-2a46-4be4-8252-62a26623c7aa,,,,,,,,FAZER
3195,MLB1927784597,https://produto.mercadolivre.com.br/MLB-1927784597-grades-radiador-linha-black-bmw-f20-lci-114i-116i-120i-2015-_JM#position=50&search_layout=stack&type=item&tracking_id=6fec87a9-2a46-4be4-8252-62a26623c7aa,,,,,,,,FAZER
3196,MLB2014249937,https://produto.mercadolivre.com.br/MLB-2014249937-defletor-da-ventoinha-do-radiador-onix-2020-2021-2022-_JM#position=4&search_layout=stack&type=item&tracking_id=f69698ed-8856-4b58-bf1d-3667da4a38d5,,,,,,,,FAZER
3197,MLB1364871453,https://produto.mercadolivre.com.br/MLB-1364871453-tampa-do-reservatorio-agua-nissan-versa-livina-march-sentra-_JM#position=1&search_layout=stack&type=item&tracking_id=369fa0ab-cc2f-40b3-8608-6b67b6ab19d9,,,,,,,,FAZER
3198,MLB1862121886,https://produto.mercadolivre.com.br/MLB-1862121886-tampa-do-oleo-do-motor-l200-sport-outdoor-l200-triton-_JM#position=2&search_layout=stack&type=item&tracking_id=369fa0ab-cc2f-40b3-8608-6b67b6ab19d9,,,,,,,,FAZER
3199,MLB1862132027,https://produto.mercadolivre.com.br/MLB-1862132027-tampa-do-oleo-do-motor-mitsubishi-l200-gl-gls-sport-pajero-_JM#position=3&search_layout=stack&type=item&tracking_id=369fa0ab-cc2f-40b3-8608-6b67b6ab19d9,,,,,,,,FAZER
3200,MLB1862132018,https://produto.mercadolivre.com.br/MLB-1862132018-tampa-do-oleo-do-motor-hyundai-atos-2000-2001-2002-a-2004-_JM#position=4&search_layout=stack&type=item&tracking_id=369fa0ab-cc2f-40b3-8608-6b67b6ab19d9,,,,,,,,FAZER
3201,MLB1029311242,https://produto.mercadolivre.com.br/MLB-1029311242-tampa-reservatorio-agua-do-radiador-astra-9911-gm-93326521-_JM#position=5&search_layout=stack&type=item&tracking_id=369fa0ab-cc2f-40b3-8608-6b67b6ab19d9,,,,,,,,FAZER
3202,MLB1475767378,https://produto.mercadolivre.com.br/MLB-1475767378-tampa-reservatorio-agua-volvo-xc60-motor-30-t6-2009-a-2017-_JM#position=6&search_layout=stack&type=item&tracking_id=369fa0ab-cc2f-40b3-8608-6b67b6ab19d9,,,,,,,,FAZER
3203,MLB1029315071,https://produto.mercadolivre.com.br/MLB-1029315071-tampa-reservatorio-agua-do-radiador-corsa-novo-gm-93326521-_JM#position=7&search_layout=stack&type=item&tracking_id=369fa0ab-cc2f-40b3-8608-6b67b6ab19d9,,,,,,,,FAZER
3204,MLB1862121891,https://produto.mercadolivre.com.br/MLB-1862121891-tampa-do-oleo-do-motor-mitsubishi-pajero-sport-tr4-hr-_JM#position=10&search_layout=stack&type=item&tracking_id=369fa0ab-cc2f-40b3-8608-6b67b6ab19d9,,,,,,,,FAZER
3205,MLB1962034671,https://produto.mercadolivre.com.br/MLB-1962034671-tampa-reservatorio-agua-passat-2009-2010-2011-2012-2013-2014-_JM#position=11&search_layout=stack&type=item&tracking_id=369fa0ab-cc2f-40b3-8608-6b67b6ab19d9,,,,,,,,FAZER
3206,MLB1962023401,https://produto.mercadolivre.com.br/MLB-1962023401-tampa-reservatorio-agua-fox-2004-2005-2006-2007-2008-2009-10-_JM#position=12&search_layout=stack&type=item&tracking_id=369fa0ab-cc2f-40b3-8608-6b67b6ab19d9,,,,,,,,FAZER
3207,MLB1962037777,https://produto.mercadolivre.com.br/MLB-1962037777-tampa-reservatorio-agua-bora-golf-2008-2009-2010-2011-12-13-_JM#position=13&search_layout=stack&type=item&tracking_id=369fa0ab-cc2f-40b3-8608-6b67b6ab19d9,,,,,,,,FAZER
3208,MLB1862132265,https://produto.mercadolivre.com.br/MLB-1862132265-tampa-oleo-motor-l200-sport-0307-outdoor-savana-0412-_JM#position=15&search_layout=stack&type=item&tracking_id=369fa0ab-cc2f-40b3-8608-6b67b6ab19d9,,,,,,,,FAZER
3209,MLB1862131974,https://produto.mercadolivre.com.br/MLB-1862131974-tampa-do-oleo-do-motor-pajero-sport-diesel-2005-a-2012-_JM#position=16&search_layout=stack&type=item&tracking_id=369fa0ab-cc2f-40b3-8608-6b67b6ab19d9,,,,,,,,FAZER
3210,MLB1862132024,https://produto.mercadolivre.com.br/MLB-1862132024-tampa-do-oleo-do-motor-hyundai-h100-1995-96-97-98-a-2004-_JM#position=17&search_layout=stack&type=item&tracking_id=369fa0ab-cc2f-40b3-8608-6b67b6ab19d9,,,,,,,,FAZER
3211,MLB1862131979,https://produto.mercadolivre.com.br/MLB-1862131979-tampa-do-oleo-do-motor-pajero-full-tr4-pajero-sport-_JM#position=18&search_layout=stack&type=item&tracking_id=369fa0ab-cc2f-40b3-8608-6b67b6ab19d9,,,,,,,,FAZER
3212,MLB1962034543,https://produto.mercadolivre.com.br/MLB-1962034543-tampa-reservatorio-agua-voyage-g5-g6-2009-2010-2011-2012-13-_JM#position=21&search_layout=stack&type=item&tracking_id=369fa0ab-cc2f-40b3-8608-6b67b6ab19d9,,,,,,,,FAZER
3213,MLB1962023432,https://produto.mercadolivre.com.br/MLB-1962023432-tampa-reservatorio-agua-polo-2003-2004-2005-2006-2007-2008-_JM#position=22&search_layout=stack&type=item&tracking_id=369fa0ab-cc2f-40b3-8608-6b67b6ab19d9,,,,,,,,FAZER
3214,MLB1962037789,https://produto.mercadolivre.com.br/MLB-1962037789-tampa-reservatorio-agua-gol-g5-g6-2009-2010-2011-2012-2013-_JM#position=23&search_layout=stack&type=item&tracking_id=369fa0ab-cc2f-40b3-8608-6b67b6ab19d9,,,,,,,,FAZER
3215,MLB1403191621,https://produto.mercadolivre.com.br/MLB-1403191621-tampa-do-radiador-chery-face-s18-2009-2010-2011-2012-2013-_JM#position=24&search_layout=stack&type=item&tracking_id=369fa0ab-cc2f-40b3-8608-6b67b6ab19d9,,,,,,,,FAZER
3216,MLB1364871487,https://produto.mercadolivre.com.br/MLB-1364871487-tampa-do-reservatorio-agua-nissan-livina-todos-2010-a-2014-_JM#position=25&search_layout=stack&type=item&tracking_id=369fa0ab-cc2f-40b3-8608-6b67b6ab19d9,,,,,,,,FAZER
3217,MLB1977099747,https://produto.mercadolivre.com.br/MLB-1977099747-tampa-agua-radiador-neon-20-pt-cruiser-24-stratus-25-_JM#position=26&search_layout=stack&type=item&tracking_id=369fa0ab-cc2f-40b3-8608-6b67b6ab19d9,,,,,,,,FAZER
3218,MLB1862132254,https://produto.mercadolivre.com.br/MLB-1862132254-tampa-oleo-motor-l200-gls-sport-outdoor-pajero-todas-tr4-_JM#position=27&search_layout=stack&type=item&tracking_id=369fa0ab-cc2f-40b3-8608-6b67b6ab19d9,,,,,,,,FAZER
3219,MLB1862131982,https://produto.mercadolivre.com.br/MLB-1862131982-tampa-do-oleo-do-motor-hyundai-h100-hr-elantra-santa-fe-_JM#position=28&search_layout=stack&type=item&tracking_id=369fa0ab-cc2f-40b3-8608-6b67b6ab19d9,,,,,,,,FAZER
3220,MLB1862132033,https://produto.mercadolivre.com.br/MLB-1862132033-tampa-do-oleo-do-motor-pajero-sport-diesel-l200-triton-tr4-_JM#position=29&search_layout=stack&type=item&tracking_id=369fa0ab-cc2f-40b3-8608-6b67b6ab19d9,,,,,,,,FAZER
3221,MLB1668796973,https://produto.mercadolivre.com.br/MLB-1668796973-tampa-reservatorio-expansao-sentra-2013-2014-2015-2016-2017-_JM#position=32&search_layout=stack&type=item&tracking_id=369fa0ab-cc2f-40b3-8608-6b67b6ab19d9,,,,,,,,FAZER
3222,MLB1962034570,https://produto.mercadolivre.com.br/MLB-1962034570-tampa-reservatorio-agua-fox-2011-2012-2013-2014-2015-2016-17-_JM#position=33&search_layout=stack&type=item&tracking_id=369fa0ab-cc2f-40b3-8608-6b67b6ab19d9,,,,,,,,FAZER
3223,MLB1962037740,https://produto.mercadolivre.com.br/MLB-1962037740-tampa-reservatorio-agua-amarok-2010-2011-2012-2013-2014-2015-_JM#position=34&search_layout=stack&type=item&tracking_id=369fa0ab-cc2f-40b3-8608-6b67b6ab19d9,,,,,,,,FAZER
3224,MLB1962034599,https://produto.mercadolivre.com.br/MLB-1962034599-tampa-reservatorio-agua-polo-2009-2010-2011-2012-2013-2014-_JM#position=35&search_layout=stack&type=item&tracking_id=369fa0ab-cc2f-40b3-8608-6b67b6ab19d9,,,,,,,,FAZER
3225,MLB1962023336,https://produto.mercadolivre.com.br/MLB-1962023336-tampa-reservatorio-agua-bora-golf-2003-2004-2005-2006-2007-_JM#position=36&search_layout=stack&type=item&tracking_id=369fa0ab-cc2f-40b3-8608-6b67b6ab19d9,,,,,,,,FAZER
3226,MLB1668794237,https://produto.mercadolivre.com.br/MLB-1668794237-tampa-reservatorio-expansao-514713-march-2012-2013-2014-_JM#position=37&search_layout=stack&type=item&tracking_id=369fa0ab-cc2f-40b3-8608-6b67b6ab19d9,,,,,,,,FAZER
3227,MLB1949438643,https://produto.mercadolivre.com.br/MLB-1949438643-tampa-reservatorio-radiador-peugeot-106-16-16v-1306j5-_JM#position=38&search_layout=stack&type=item&tracking_id=369fa0ab-cc2f-40b3-8608-6b67b6ab19d9,,,,,,,,FAZER
3228,MLB1029314120,https://produto.mercadolivre.com.br/MLB-1029314120-tampa-reservatorio-agua-do-radiador-celta-0116-gm-93326521-_JM#position=39&search_layout=stack&type=item&tracking_id=369fa0ab-cc2f-40b3-8608-6b67b6ab19d9,,,,,,,,FAZER
3229,MLB1598390860,https://produto.mercadolivre.com.br/MLB-1598390860-tampa-do-radiador-reservatorio-expansao-vectra-gm-_JM#position=40&search_layout=stack&type=item&tracking_id=369fa0ab-cc2f-40b3-8608-6b67b6ab19d9,,,,,,,,FAZER
3230,MLB1677677221,https://produto.mercadolivre.com.br/MLB-1677677221-tampa-do-radiador-reservatorio-montana-2010-2011-2012-gm-_JM#position=41&search_layout=stack&type=item&tracking_id=369fa0ab-cc2f-40b3-8608-6b67b6ab19d9,,,,,,,,FAZER
3231,MLB1029321198,https://produto.mercadolivre.com.br/MLB-1029321198-tampa-reservatorio-agua-do-radiador-zafira-0112-gm-93326521-_JM#position=42&search_layout=stack&type=item&tracking_id=369fa0ab-cc2f-40b3-8608-6b67b6ab19d9,,,,,,,,FAZER
3232,MLB1029317586,https://produto.mercadolivre.com.br/MLB-1029317586-tampa-reservatorio-agua-do-radiador-montana-gm-93326521-_JM#position=43&search_layout=stack&type=item&tracking_id=369fa0ab-cc2f-40b3-8608-6b67b6ab19d9,,,,,,,,FAZER
3233,MLB1971764238,https://produto.mercadolivre.com.br/MLB-1971764238-caixa-do-radiador-scania-serie-5-r440-r480-motor-euro-v-2-_JM#position=1&search_layout=stack&type=item&tracking_id=b20dcce5-80ef-44bb-9a62-1f507f93390b,Caixa Do Radiador Scania Serie 5 R440 / R480 Motor Euro V 2,"R$546,89",Ver os meios de pagamento,0.0,PROCOOLER,Não tem,Não tem,FAZER
3234,MLB1920722321,https://produto.mercadolivre.com.br/MLB-1920722321-tampa-reservatorio-agua-radiado-citroen-xsara-picasso-1306j5-_JM#position=2&search_layout=stack&type=item&tracking_id=64bddfa3-5584-4629-8746-65b53c1db1c1,Tampa Reservatório Água Radiado Citroen Xsara Picasso 1306j5,"R$54,90",Ver os meios de pagamento,0.0,Citroën,Não tem,1306J5,FAZER
3235,MLB1920713662,https://produto.mercadolivre.com.br/MLB-1920713662-tampa-reservatorio-agua-radiador-citroen-c3-c5-c8-1306j5-_JM#position=4&search_layout=stack&type=item&tracking_id=64bddfa3-5584-4629-8746-65b53c1db1c1,"Tampa Reservatório Água Radiador Citroen C3, C5, C8 - 1306j5","R$54,90",Ver os meios de pagamento,0.0,Citroën,Não tem,1306J5,FAZER
3236,MLB1920731236,https://produto.mercadolivre.com.br/MLB-1920731236-tampa-reservatorio-agua-radiador-peugeot-206-207-1306j5-_JM#position=13&search_layout=stack&type=item&tracking_id=64bddfa3-5584-4629-8746-65b53c1db1c1,"Tampa Reservatório Água Radiador Peugeot 206, 207 - 1306j5","R$54,90",Ver os meios de pagamento,0.0,Peugeot,Não tem,1306J5,FAZER
3237,MLB1417502911,https://produto.mercadolivre.com.br/MLB-1417502911-tampa-do-radiador-l200-sport-outdoor-hpe-presso-15-lbs-_JM#position=15&search_layout=stack&type=item&tracking_id=64bddfa3-5584-4629-8746-65b53c1db1c1,Tampa Do Radiador L200 Sport Outdoor Hpe Pressão 1.5 Lbs,"R$54,90",Ver os meios de pagamento,0.0,TAN CLICK,Não tem,TC7018,FAZER
3238,MLB1306051388,https://produto.mercadolivre.com.br/MLB-1306051388-tampa-tanque-expansivo-reservatorio-agua-cnh-case-580n-_JM#position=26&search_layout=stack&type=item&tracking_id=64bddfa3-5584-4629-8746-65b53c1db1c1,,,,,,,,FAZER
3239,MLB1920721746,https://produto.mercadolivre.com.br/MLB-1920721746-tampa-reservatorio-agua-radiador-citroen-c4-pallas-1306j5-_JM#position=28&search_layout=stack&type=item&tracking_id=64bddfa3-5584-4629-8746-65b53c1db1c1,Tampa Reservatório Água Radiador Citroen C4 Pallas - 1306j5,"R$54,90",Ver os meios de pagamento,0.0,Citroën,Não tem,1306J5,FAZER
3240,MLB1255971341,https://produto.mercadolivre.com.br/MLB-1255971341-suporte-superior-do-radiador-celta-2004-2005-2006-_JM#position=29&search_layout=stack&type=item&tracking_id=64bddfa3-5584-4629-8746-65b53c1db1c1,Suporte Superior Do Radiador Celta 2004 2005 2006,"R$54,91",Ver os meios de pagamento,0.0,Peças Genuínas GM,Não tem,93260415,FAZER
3241,MLB1255966151,https://produto.mercadolivre.com.br/MLB-1255966151-suporte-superior-do-radiador-celta-2007-2008-2009-_JM#position=32&search_layout=stack&type=item&tracking_id=64bddfa3-5584-4629-8746-65b53c1db1c1,Suporte Superior Do Radiador Celta 2007 2008 2009,"R$54,91",Ver os meios de pagamento,0.0,Peças Genuínas GM,Não tem,93260415,FAZER
3242,MLB2053182131,https://produto.mercadolivre.com.br/MLB-2053182131-tampa-reservatorio-agua-radiador-s10-2012-2013-2014-_JM#position=46&search_layout=stack&type=item&tracking_id=362832c4-2c46-49d7-b451-50b906f5985d,Tampa Reservatorio Agua Radiador S10 2012 2013 2014,"R$54,95",Ver os meios de pagamento,0.0,Pecas Genuinas Gm,"S10 Anos: 2017, 2016, 2015, 2014, 2013, 2012...",15042975,FAZER
3243,MLB1321678754,https://produto.mercadolivre.com.br/MLB-1321678754-bocal-de-oleo-billet-sem-alternador-fuscanet-_JM#position=1&search_layout=stack&type=item&tracking_id=b4f042bb-40bf-4864-89b6-d384a34e8d6e,,,,,,,,FAZER
3244,MLB777232873,https://produto.mercadolivre.com.br/MLB-777232873-radiador-stilo-18-16v-2003-com-2-saidas-de-mangueiras-_JM#position=1&search_layout=stack&type=item&tracking_id=bb69c2f8-af4c-44e8-af5a-e5718e782a65,Radiador Stilo 1.8 16v 2003.. Com 2 Saídas De Mangueiras,"R$559,90",Ver os meios de pagamento,0.0,RADIADORES BICKEL generico,similar ORIGINAL,BICKEL 536,FAZER
3245,MLB1725535186,https://produto.mercadolivre.com.br/MLB-1725535186-tampa-radiador-pajero-sport-35-24v-v6-2008-_JM#position=55&search_layout=stack&type=item&tracking_id=68286aad-a5dc-4ec3-a472-546a80c8a900,,,,,,,,FAZER
3246,MLB712522480,https://produto.mercadolivre.com.br/MLB-712522480-tampa-radiador-agua-march-livina-sentra-tiida-versa-09-bar-_JM#position=43&search_layout=stack&type=item&tracking_id=cc744cb9-7bd1-445e-a83c-d927c06bb629,,,,,,,,FAZER
3247,MLB784959540,https://produto.mercadolivre.com.br/MLB-784959540-radiador-hyundai-hb-20-hb20s-10-16-veloster-13-manual-_JM#position=1&search_layout=stack&type=item&tracking_id=4d42b7f4-0bac-4db0-aae7-0132625cecb7,Radiador Hyundai Hb 20 Hb20s 1.0 1.6 Veloster 13/. Manual,"R$569,90",Ver os meios de pagamento,0.0,RADIADORES BICKEL generico,SIMILAR ORIGINAL,BICKEL 931,FAZER
3248,MLB938304986,https://produto.mercadolivre.com.br/MLB-938304986-tampa-radiador-l200-sport-outdoor-10342-bar-15lbs-_JM#position=6&search_layout=stack&type=item&tracking_id=8387eb40-80d0-4021-9399-883b07a9dd5c,Tampa Radiador L200 Sport Outdoor - 1.0342 Bar 15lbs,R$57,Ver os meios de pagamento,0.0,Click,Não tem,7018,FAZER
3249,MLB1460186015,https://produto.mercadolivre.com.br/MLB-1460186015-caixa-radiador-vw-polo-classic-superior-_JM#position=44&search_layout=stack&type=item&tracking_id=b9eaec49-a4ba-4efb-bf7a-b67d6239c1d1,Caixa Radiador Vw Polo Classic Superior,"R$56,90",Ver os meios de pagamento,0.0,Volkswagen,Não tem,950,FAZER
3250,MLB1460188326,https://produto.mercadolivre.com.br/MLB-1460188326-caixa-radiador-vw-polo-classic-inferior-ccebolao-_JM#position=47&search_layout=stack&type=item&tracking_id=b9eaec49-a4ba-4efb-bf7a-b67d6239c1d1,Caixa Radiador Vw Polo Classic Inferior C/cebolao,"R$56,90",Ver os meios de pagamento,0.0,Volkswagen,Não tem,951,FAZER
3251,MLB1580970384,https://produto.mercadolivre.com.br/MLB-1580970384-suporte-radiador-esquerdo-honda-city-2013-_JM#position=9&search_layout=stack&type=item&tracking_id=94044a65-4c56-47e7-9b06-bed5b1e1a427,Suporte Radiador Esquerdo - Honda City 2013,"R$56,19",Ver os meios de pagamento,0.0,Honda,Não tem,74176TM0T00,FAZER
3252,MLB1978969183,https://produto.mercadolivre.com.br/MLB-1978969183-caixa-do-radiador-vm-210-4x2-6x2-vm260-4x2-6x2-6x4-2006-em-_JM#position=11&search_layout=stack&type=item&tracking_id=4f986b8b-beb8-489a-a4d7-955c92fb1f78,Caixa Do Radiador Vm 210 4x2 6x2 / Vm260 4x2 6x2 6x4 2006 Em,"R$581,67",Ver os meios de pagamento,0.0,PROCOOLER,Não tem,Não tem,FAZER
3253,MLB1553360365,https://produto.mercadolivre.com.br/MLB-1553360365-caixa-radiador-volvo-vm-330-aluminio-reforcado-_JM#position=1&search_layout=stack&type=item&tracking_id=97bd51d3-5e6b-4cac-adce-c22224e9fac8,Caixa Radiador Volvo Vm 330 Alumínio Reforçado,R$585,Ver os meios de pagamento,0.0,Fabricação Própria,Não tem,ID2571,FAZER
3254,MLB1457688955,https://produto.mercadolivre.com.br/MLB-1457688955-caixa-radiador-mbb-actros-superior-_JM#position=1&search_layout=stack&type=item&tracking_id=33c22e23-0282-42ba-8844-17d56cd897a9,Caixa Radiador Mbb Actros Superior,"R$589,90",Ver os meios de pagamento,0.0,MBB,Não tem,11741,FAZER
3255,MLB1636825764,https://produto.mercadolivre.com.br/MLB-1636825764-caixa-radiador-mbb-actros-superior-839x703-_JM#position=2&search_layout=stack&type=item&tracking_id=33c22e23-0282-42ba-8844-17d56cd897a9,"Caixa Radiador Mbb Actros Superior 839x70,3","R$589,90",Ver os meios de pagamento,0.0,SUPER SOLDAS,Não tem,11741,FAZER
3256,MLB1025757642,https://produto.mercadolivre.com.br/MLB-1025757642-radiador-mercedes-1722-1620-1723-par-de-lateral-p-fixar-colmeia61x60-_JM#position=7&search_layout=stack&type=item&tracking_id=33c22e23-0282-42ba-8844-17d56cd897a9,Radiador Mercedes 1722 1620 1723 = Par De Lateral P/ Fixar Colmeia(61x60),"R$589,90",Ver os meios de pagamento,0.0,RADIADORES BICKEL generico,Não tem,BICKEL 1157,FAZER
3257,MLB2070716593,https://produto.mercadolivre.com.br/MLB-2070716593-suporte-cardan-mb-of1618-55mm-_JM#position=8&search_layout=stack&type=item&tracking_id=33c22e23-0282-42ba-8844-17d56cd897a9,Suporte Cardan Mb Of1618 (55mm),R$590,Ver os meios de pagamento,0.0,REI AUTO ´PARTS,Não tem,R 3028,FAZER
3258,MLB1677504358,https://produto.mercadolivre.com.br/MLB-1677504358-tampa-reservatorio-radiador-ecosport-20-16v-2013-_JM#position=37&search_layout=stack&type=item&tracking_id=31a26658-b8f0-4714-9264-d772b0ea3609,,,,,,,,FAZER
3259,MLB2067255755,https://produto.mercadolivre.com.br/MLB-2067255755-tampa-do-radiador-yamaha-xj6-n-xj-6n-xj6-f-xj-6f-13-bar-_JM#position=49&search_layout=stack&type=item&tracking_id=3994b113-3e58-46f3-8ebb-72f22a912c38,,,,,,,,FAZER
3260,MLB1497025008,https://produto.mercadolivre.com.br/MLB-1497025008-tampa-do-radiador-lamborghini-huracan-1987-3322-_JM#position=23&search_layout=stack&type=item&tracking_id=b088ba4d-a2b7-4559-b5f4-39fdab04f37c,,,,,,,,FAZER
3261,MLB1350855065,https://produto.mercadolivre.com.br/MLB-1350855065-tampa-radiador-opalacaravan-6cc-com-ar-85-em-diante-s10-_JM#position=34&search_layout=stack&type=item&tracking_id=047f473f-3caa-4619-bf5f-ab29d0d35ba6,Tampa Radiador Opala/caravan 6cc Com Ar 85 Em Diante S10,"R$77,23",Ver os meios de pagamento,0.0,GM,MAISMETAL,03575,FAZER
3262,MLB1902866416,https://produto.mercadolivre.com.br/MLB-1902866416-tampa-do-reservatorio-motor-volvo-xc60-20092016-31370709-_JM#position=48&search_layout=stack&type=item&tracking_id=4dfa80be-3f4e-426a-8a36-c62d5cb8901c,Tampa Do Reservatório Motor Volvo Xc60 2009/2016 31370709,R$78,Ver os meios de pagamento,0.0,Volvo,Não tem,31370709,FAZER
3263,MLB2023938562,https://produto.mercadolivre.com.br/MLB-2023938562-tampa-reservatorio-agua-radiador-orig-ford-ecosport-2018-19-_JM#position=11&search_layout=stack&type=item&tracking_id=084715b2-0da5-4e81-a1d9-08985c2c6e57,Tampa Reservatório Agua Radiador Orig Ford Ecosport 2018 19,"R$82,50",Ver os meios de pagamento,0.0,Ford,Não tem,DG9Z8100A,FAZER
3264,MLB2023964707,https://produto.mercadolivre.com.br/MLB-2023964707-tampa-reservatorio-agua-radiador-ori-ford-ranger-2015-16-17-_JM#position=12&search_layout=stack&type=item&tracking_id=084715b2-0da5-4e81-a1d9-08985c2c6e57,Tampa Reservatório Agua Radiador Ori Ford Ranger 2015 16 17,"R$82,50",Ver os meios de pagamento,0.0,Ford,Não tem,DG9Z8100A,FAZER
3265,MLB2023965421,https://produto.mercadolivre.com.br/MLB-2023965421-tampa-reservatorio-agua-radiador-ori-ford-edge-2015-2016-17-_JM#position=13&search_layout=stack&type=item&tracking_id=084715b2-0da5-4e81-a1d9-08985c2c6e57,Tampa Reservatório Agua Radiador Ori Ford Edge 2015 2016 17,"R$82,50",Ver os meios de pagamento,0.0,Ford,Não tem,DG9Z8100A,FAZER
3266,MLB1798222154,https://produto.mercadolivre.com.br/MLB-1798222154-tampa-reservatorio-radiador-agua-nissan-sentra-2009-original-_JM#position=52&search_layout=stack&type=item&tracking_id=291788ac-c492-4b74-adc8-5d1964bd1e47,Tampa Reservatório Radiador Água Nissan Sentra 2009 Original,"R$99,88",Ver os meios de pagamento,0.0,Nissan,Não tem,21712-50M01,FAZER
3267,MLB1350850342,https://produto.mercadolivre.com.br/MLB-1350850342-tampa-reservatorio-agua-radiador-206-207-307-406-c3-_JM#position=8&search_layout=stack&type=item&tracking_id=d7a47396-04c6-4a1a-b8a4-54fd3314496c,Tampa Reservatorio Agua Radiador 206 / 207 / 307 / 406 / C3,"R$100,24",Ver os meios de pagamento,0.0,PEUGEOT/CITROEN,MAISMETAL,03633,FAZER
3268,MLB921236867,https://produto.mercadolivre.com.br/MLB-921236867-caixa-radiador-peugeot-206-307-sup-bico-fino-565x42-_JM#position=11&search_layout=stack&type=item&tracking_id=d7a47396-04c6-4a1a-b8a4-54fd3314496c,"Caixa Radiador Peugeot 206 / 307 - Sup. Bico Fino - 56,5x4,2","R$100,90",Ver os meios de pagamento,0.0,RADIADORES BICKEL generico,Original,BICKEL SS 1040 - PE 701 ZEL,FAZER
3269,MLB1524920608,https://produto.mercadolivre.com.br/MLB-1524920608-tampa-reservatorio-agua-radiador-206-207-307-406-c3-_JM#position=25&search_layout=stack&type=item&tracking_id=d7a47396-04c6-4a1a-b8a4-54fd3314496c,Tampa Reservatorio Agua Radiador 206 207 307 406 C3,"R$100,24",Ver os meios de pagamento,0.0,PEUGEOT/CITROEN,Não tem,03633,FAZER
3270,MLB963030550,https://produto.mercadolivre.com.br/MLB-963030550-caixa-radiador-citroen-c3-peugeot-208-0306-inf-415-x-43-_JM#position=4&search_layout=stack&type=item&tracking_id=d7438a32-d435-4477-bacd-1a25e54b0505,"Caixa Radiador Citroen C3 Peugeot 208 03/06 Inf. 41,5 X 4,3","R$102,90",Ver os meios de pagamento,0.0,RADIADORES BICKEL generico,Não tem,BICKEL SS1032 - CI 408 ZEL,FAZER
3271,MLB1833551620,https://produto.mercadolivre.com.br/MLB-1833551620-tampa-reservatorio-gasolina-cobalt-onix-c3-hb20-peugeot-_JM#position=2&search_layout=stack&type=item&tracking_id=8c32130c-347b-40fa-8292-1ca88c42ab79,Tampa Reservatório Gasolina Cobalt Onix C3 Hb20 Peugeot,"R$104,46",Ver os meios de pagamento,0.0,VERIFICAR PERGUNTA,Não tem,TR-5108,FAZER
3272,MLB2065634315,https://produto.mercadolivre.com.br/MLB-2065634315-tampa-reservatorio-gasolina-cobalt-onix-c3-hb20-peugeot-_JM#position=14&search_layout=stack&type=item&tracking_id=8c32130c-347b-40fa-8292-1ca88c42ab79,,,,,,,,FAZER
3273,MLB1833551530,https://produto.mercadolivre.com.br/MLB-1833551530-tampa-reservatorio-gasolina-peugeot-206-1999-2000-a-2011-_JM#position=5&search_layout=stack&type=item&tracking_id=7540ca1e-36a9-4b1f-a02d-4a5ec2abf064,Tampa Reservatório Gasolina Peugeot 206 - 1999 2000 A 2011,"R$107,42",Ver os meios de pagamento,0.0,VERIFICAR PERGUNTA,Não tem,TR-5108,FAZER
3274,MLB1835655113,https://produto.mercadolivre.com.br/MLB-1835655113-tampa-reservatorio-gasolina-peugeot-206-1999-2000-a-2011-_JM#position=6&search_layout=stack&type=item&tracking_id=7540ca1e-36a9-4b1f-a02d-4a5ec2abf064,Tampa Reservatório Gasolina Peugeot 206 - 1999 2000 A 2011,"R$107,42",Ver os meios de pagamento,0.0,VERIFICAR PERGUNTA,Não tem,TR-5108,FAZER
3275,MLB2035052926,https://produto.mercadolivre.com.br/MLB-2035052926-tampa-reservatorio-gasolina-peugeot-206-207-206-207-sw-_JM#position=13&search_layout=stack&type=item&tracking_id=7540ca1e-36a9-4b1f-a02d-4a5ec2abf064,Tampa Reservatório Gasolina Peugeot 206 \ 207 \ 206 207 Sw,"R$107,42",Ver os meios de pagamento,0.0,VERIFICAR PERGUNTA,Não tem,TR-5108,FAZER
3276,MLB2073294969,https://produto.mercadolivre.com.br/MLB-2073294969-tampa-reservatorio-gasolina-peugeot-206-207-206-207-sw-_JM#position=17&search_layout=stack&type=item&tracking_id=7540ca1e-36a9-4b1f-a02d-4a5ec2abf064,Tampa Reservatório Gasolina Peugeot 206 \ 207 \ 206 207 Sw,"R$107,42",Ver os meios de pagamento,0.0,VERIFICAR PERGUNTA,Não tem,TR-5108,FAZER
3277,MLB2065628182,https://produto.mercadolivre.com.br/MLB-2065628182-tampa-reservatorio-gasolina-peugeot-206-207-206-207-sw-_JM#position=27&search_layout=stack&type=item&tracking_id=7540ca1e-36a9-4b1f-a02d-4a5ec2abf064,,,,,,,,FAZER
3278,MLB2065647013,https://produto.mercadolivre.com.br/MLB-2065647013-tampa-reservatorio-gasolina-peugeot-206-1999-2000-a-2011-_JM#position=28&search_layout=stack&type=item&tracking_id=7540ca1e-36a9-4b1f-a02d-4a5ec2abf064,,,,,,,,FAZER
3279,MLB2073393228,https://produto.mercadolivre.com.br/MLB-2073393228-tampa-reserv-agua-peugeot-boxer-28-2009-1341182080-_JM#position=11&search_layout=stack&type=item&tracking_id=7803ae89-ba55-4c8f-99cd-3703531af2e6,Tampa Reserv Agua Peugeot Boxer 2.8 2009 1341182080,"R$109,96",Ver os meios de pagamento,0.0,VERIFICAR PERGUNTA,DUCATO,1341182080,FAZER
3280,MLB2065616313,https://produto.mercadolivre.com.br/MLB-2065616313-tampa-reserv-agua-peugeot-boxer-28-2009-1341182080-_JM#position=14&search_layout=stack&type=item&tracking_id=7803ae89-ba55-4c8f-99cd-3703531af2e6,,,,,,,,FAZER
3281,MLB2065616594,https://produto.mercadolivre.com.br/MLB-2065616594-tampa-reservat-agua-peugeot-boxer-23-1341182080-_JM#position=9&search_layout=stack&type=item&tracking_id=54583a19-fb5a-4f82-9717-880ffb8749a7,,,,,,,,FAZER
3282,MLB1938347646,https://produto.mercadolivre.com.br/MLB-1938347646-tampa-do-reservatorio-agua-peugeot-206-sw-2004-2005-a-2008-_JM#position=12&search_layout=stack&type=item&tracking_id=1540d715-3f29-4c97-9fca-e527e0aba883,Tampa Do Reservatório Água Peugeot 206 Sw 2004 2005 A 2008,"R$119,32",Ver os meios de pagamento,0.0,VERIFICAR PERGUNTA,Não tem,TR-5062,FAZER
3283,MLB1921109039,https://produto.mercadolivre.com.br/MLB-1921109039-tampa-do-reservatorio-agua-peugeot-408-2011-2012-2013-a-2019-_JM#position=13&search_layout=stack&type=item&tracking_id=1540d715-3f29-4c97-9fca-e527e0aba883,Tampa Do Reservatório Água Peugeot 408 2011 2012 2013 A 2019,"R$119,32",Ver os meios de pagamento,0.0,VERIFICAR PERGUNTA,Não tem,TR-5062,FAZER
3284,MLB1958453240,https://produto.mercadolivre.com.br/MLB-1958453240-caixa-superior-do-radiador-c4-pallas-peugeot-307-_JM#position=28&search_layout=stack&type=item&tracking_id=1540d715-3f29-4c97-9fca-e527e0aba883,Caixa Superior Do Radiador C4 Pallas Peugeot 307,"R$119,75",Ver os meios de pagamento,0.0,GPS,Não tem,1061,FAZER
3285,MLB2063163496,https://produto.mercadolivre.com.br/MLB-2063163496-tampa-do-reservatorio-agua-peugeot-408-2011-2012-2013-a-2019-_JM#position=42&search_layout=stack&type=item&tracking_id=1540d715-3f29-4c97-9fca-e527e0aba883,Tampa Do Reservatório Água Peugeot 408 2011 2012 2013 A 2019,"R$119,32",Ver os meios de pagamento,0.0,VERIFICAR PERGUNTA,Não tem,TR-5062,FAZER
3286,MLB2027192040,https://produto.mercadolivre.com.br/MLB-2027192040-tampa-de-agua-reservatorio-peugeot-106-14-bar-20psi-_JM#position=2&search_layout=stack&type=item&tracking_id=ffdcaf58-2da7-4191-8e62-e7d0657bdcf0,Tampa De Agua Reservatório Peugeot 106 1.4 Bar 20psi,"R$121,22",Ver os meios de pagamento,0.0,VERIFICAR PERGUNTA,Não tem,0710071,FAZER
3287,MLB1835683078,https://produto.mercadolivre.com.br/MLB-1835683078-tampa-reservatorio-radiador-peugeot-408-2011-2012-a-2019-_JM#position=1&search_layout=stack&type=item&tracking_id=f879a34d-a570-4dd5-915f-39d03a8b0b77,Tampa Reservatório Radiador Peugeot 408 2011 2012 A 2019,"R$122,72",Ver os meios de pagamento,0.0,VERIFICAR PERGUNTA,Não tem,F754,FAZER
3288,MLB1835641740,https://produto.mercadolivre.com.br/MLB-1835641740-tampa-reservatorio-radiador-peugeot-408-2011-2012-a-2019-_JM#position=2&search_layout=stack&type=item&tracking_id=f879a34d-a570-4dd5-915f-39d03a8b0b77,Tampa Reservatório Radiador Peugeot 408 2011 2012 A 2019,"R$122,72",Ver os meios de pagamento,0.0,VERIFICAR PERGUNTA,Não tem,F754,FAZER
3289,MLB1976763530,https://produto.mercadolivre.com.br/MLB-1976763530-tampa-reservatorio-radiador-peugeot-408-2011-2012-a-2019-_JM#position=3&search_layout=stack&type=item&tracking_id=f879a34d-a570-4dd5-915f-39d03a8b0b77,Tampa Reservatório Radiador Peugeot 408 2011 2012 A 2019,"R$122,72",Ver os meios de pagamento,0.0,VERIFICAR PERGUNTA,Não tem,F754,FAZER
3290,MLB1912280126,https://produto.mercadolivre.com.br/MLB-1912280126-tampa-reservatorio-radiador-peugeot-408-2011-2012-a-2019-_JM#position=4&search_layout=stack&type=item&tracking_id=f879a34d-a570-4dd5-915f-39d03a8b0b77,Tampa Reservatório Radiador Peugeot 408 2011 2012 A 2019,"R$122,72",Ver os meios de pagamento,0.0,VERIFICAR PERGUNTA,Não tem,F754,FAZER
3291,MLB2026920962,https://produto.mercadolivre.com.br/MLB-2026920962-tampa-reservatorio-radiador-peugeot-408-2011-2012-a-2019-_JM#position=5&search_layout=stack&type=item&tracking_id=f879a34d-a570-4dd5-915f-39d03a8b0b77,Tampa Reservatório Radiador Peugeot 408 2011 2012 A 2019,"R$122,72",Ver os meios de pagamento,0.0,VERIFICAR PERGUNTA,Não tem,F754,FAZER
3292,MLB1938338825,https://produto.mercadolivre.com.br/MLB-1938338825-tampa-reservatorio-radiador-peugeot-408-2011-2012-a-2019-_JM#position=6&search_layout=stack&type=item&tracking_id=f879a34d-a570-4dd5-915f-39d03a8b0b77,Tampa Reservatório Radiador Peugeot 408 2011 2012 A 2019,"R$122,72",Ver os meios de pagamento,0.0,VERIFICAR PERGUNTA,Não tem,F754,FAZER
3293,MLB1835644929,https://produto.mercadolivre.com.br/MLB-1835644929-tampa-reservatorio-radiador-peugeot-408-2011-2012-a-2019-_JM#position=7&search_layout=stack&type=item&tracking_id=f879a34d-a570-4dd5-915f-39d03a8b0b77,Tampa Reservatório Radiador Peugeot 408 2011 2012 A 2019,"R$122,72",Ver os meios de pagamento,0.0,VERIFICAR PERGUNTA,Não tem,F754,FAZER
3294,MLB2075415122,https://produto.mercadolivre.com.br/MLB-2075415122-tampa-reservatorio-radiador-peugeot-408-2011-2012-a-2019-_JM#position=9&search_layout=stack&type=item&tracking_id=f879a34d-a570-4dd5-915f-39d03a8b0b77,Tampa Reservatório Radiador Peugeot 408 2011 2012 A 2019,"R$122,72",Ver os meios de pagamento,0.0,VERIFICAR PERGUNTA,Não tem,F754,FAZER
3295,MLB2034997150,https://produto.mercadolivre.com.br/MLB-2034997150-tampa-reservatorio-radiador-peugeot-408-2011-2012-a-2019-_JM#position=10&search_layout=stack&type=item&tracking_id=f879a34d-a570-4dd5-915f-39d03a8b0b77,Tampa Reservatório Radiador Peugeot 408 2011 2012 A 2019,"R$122,72",Ver os meios de pagamento,0.0,VERIFICAR PERGUNTA,Rolamento,F754,FAZER
3296,MLB1907003932,https://produto.mercadolivre.com.br/MLB-1907003932-tampa-reservatorio-radiador-peugeot-408-2011-2012-a-2019-_JM#position=11&search_layout=stack&type=item&tracking_id=f879a34d-a570-4dd5-915f-39d03a8b0b77,Tampa Reservatório Radiador Peugeot 408 2011 2012 A 2019,"R$122,72",Ver os meios de pagamento,0.0,VERIFICAR PERGUNTA,Não tem,F754,FAZER
3297,MLB2065622864,https://produto.mercadolivre.com.br/MLB-2065622864-tampa-reservatorio-radiador-peugeot-408-2011-2012-a-2019-_JM#position=12&search_layout=stack&type=item&tracking_id=f879a34d-a570-4dd5-915f-39d03a8b0b77,,,,,,,,FAZER
3298,MLB2032923385,https://produto.mercadolivre.com.br/MLB-2032923385-tampa-reservatorio-agua-radiador-peugeot-205-_JM#position=13&search_layout=stack&type=item&tracking_id=f879a34d-a570-4dd5-915f-39d03a8b0b77,Tampa Reservatório Água Radiador Peugeot 205,"R$122,15",Ver os meios de pagamento,0.0,VERIFICAR PERGUNTA,Não tem,8295,FAZER
3299,MLB1689134644,https://produto.mercadolivre.com.br/MLB-1689134644-tampa-reservatorio-radiador-peugeot-408-2011-2012-a-2019-_JM#position=14&search_layout=stack&type=item&tracking_id=f879a34d-a570-4dd5-915f-39d03a8b0b77,Tampa Reservatório Radiador Peugeot 408 2011 2012 A 2019,"R$122,15",Ver os meios de pagamento,0.0,VERIFICAR PERGUNTA,Não tem,F754,FAZER
3300,MLB2026268257,https://produto.mercadolivre.com.br/MLB-2026268257-tampa-de-agua-reservatorio-peugeot-partner-14-bar-20psi-_JM#position=6&search_layout=stack&type=item&tracking_id=39ae09db-cfb1-42e0-9413-858b6656dcbe,Tampa De Agua Reservatório Peugeot Partner 1.4 Bar 20psi,"R$125,22",Ver os meios de pagamento,0.0,VERIFICAR PERGUNTA,Não tem,0710071,FAZER
3301,MLB1958449377,https://produto.mercadolivre.com.br/MLB-1958449377-caixa-inferior-do-radiador-c4-pallas-peugeot-307-_JM#position=25&search_layout=stack&type=item&tracking_id=39ae09db-cfb1-42e0-9413-858b6656dcbe,Caixa Inferior Do Radiador C4 Pallas Peugeot 307,"R$125,85",Ver os meios de pagamento,0.0,GPS,Não tem,1062,FAZER
3302,MLB2028157324,https://produto.mercadolivre.com.br/MLB-2028157324-tampa-do-reservatorio-agua-peugeot-206-207-208-307-_JM#position=2&search_layout=stack&type=item&tracking_id=e3d04657-cfae-4452-9536-94320be3e689,Tampa Do Reservatório Água Peugeot 206 \ 207 \ 208 \ 307,"R$126,43",Ver os meios de pagamento,0.0,VERIFICAR PERGUNTA,Não tem,TR-5062,FAZER
3303,MLB2026236259,https://produto.mercadolivre.com.br/MLB-2026236259-tampa-reservatorio-agua-radiador-peugeot-205-_JM#position=4&search_layout=stack&type=item&tracking_id=e3d04657-cfae-4452-9536-94320be3e689,Tampa Reservatório Água Radiador Peugeot 205,"R$126,15",Ver os meios de pagamento,0.0,VERIFICAR PERGUNTA,Não tem,8295,FAZER
3304,MLB2035834139,https://produto.mercadolivre.com.br/MLB-2035834139-tampa-do-reservatorio-agua-peugeot-408-2011-2012-2013-a-2019-_JM#position=4&search_layout=stack&type=item&tracking_id=7a66ffd7-7949-4525-9919-bf483f44ff92,Tampa Do Reservatório Água Peugeot 408 2011 2012 2013 A 2019,"R$130,43",Ver os meios de pagamento,0.0,VERIFICAR PERGUNTA,Não tem,TR-5062,FAZER
3305,MLB2023139984,https://produto.mercadolivre.com.br/MLB-2023139984-tampa-reservatorio-peugeot207-14-bar-2008-2009-2010-florio-_JM#position=5&search_layout=stack&type=item&tracking_id=675048b0-a095-4da3-b730-298ec2fbde28,"Tampa Reservatorio Peugeot207 1,4 Bar 2008 2009 2010 Florio","R$131,66",Ver os meios de pagamento,0.0,VERIFICAR PERGUNTA,Dentada,25754,FAZER
3306,MLB2051086093,https://produto.mercadolivre.com.br/MLB-2051086093-tampa-reservatorio-peugeot206-14-bar-2008-2009-2010-florio-_JM#position=33&search_layout=stack&type=item&tracking_id=675048b0-a095-4da3-b730-298ec2fbde28,"Tampa Reservatorio Peugeot206 1,4 Bar 2008 2009 2010 Florio","R$131,66",Ver os meios de pagamento,0.0,VERIFICAR PERGUNTA,Não tem,25754,FAZER
3307,MLB2075361670,https://produto.mercadolivre.com.br/MLB-2075361670-tampa-reservatorio-expansao-peugeot-206-99-00-01-02-03-04-_JM#position=36&search_layout=stack&type=item&tracking_id=675048b0-a095-4da3-b730-298ec2fbde28,Tampa Reservatorio Expansao Peugeot-206 99 00 01 02 03 04,"R$131,66",Ver os meios de pagamento,0.0,VERIFICAR PERGUNTA,"2009,2008,2007,2006,2005,2004,2003,2002,2001,2000,206ANOS:2010,1999",25754,FAZER
3308,MLB2075390100,https://produto.mercadolivre.com.br/MLB-2075390100-tampa-reservatorio-peugeot206-14-bar-2002-2003-2004-florio-_JM#position=37&search_layout=stack&type=item&tracking_id=675048b0-a095-4da3-b730-298ec2fbde28,"Tampa Reservatorio Peugeot206 1,4 Bar 2002 2003 2004 Florio","R$131,66",Ver os meios de pagamento,0.0,VERIFICAR PERGUNTA,Não tem,25754,FAZER
3309,MLB2064329738,https://produto.mercadolivre.com.br/MLB-2064329738-tampa-do-reservatorio-peugeot-207-apos-2007-_JM#position=13&search_layout=stack&type=item&tracking_id=895e86a8-53ae-4be5-bfea-1c5af98d780e,Tampa Do Reservatório Peugeot 207 Após 2007,"R$135,80",Ver os meios de pagamento,0.0,VERIFICAR PERGUNTA,Não tem,1306.J5 9638001280 9681593380,FAZER
3310,MLB2050140051,https://produto.mercadolivre.com.br/MLB-2050140051-tampa-do-reservatorio-peugeot-206-14-apos-2005-_JM#position=29&search_layout=stack&type=item&tracking_id=895e86a8-53ae-4be5-bfea-1c5af98d780e,Tampa Do Reservatório Peugeot 206 1.4 Após 2005,"R$135,80",Ver os meios de pagamento,0.0,VERIFICAR PERGUNTA,Não tem,1306.J5 9638001280 9681593380,FAZER
3311,MLB1940071714,https://produto.mercadolivre.com.br/MLB-1940071714-tampa-reservatorio-radiador-peugeot-hoggar-2010-2011-2012-13-_JM#position=30&search_layout=stack&type=item&tracking_id=895e86a8-53ae-4be5-bfea-1c5af98d780e,Tampa Reservatório Radiador Peugeot Hoggar 2010 2011 2012 13,"R$135,20",Ver os meios de pagamento,0.0,Peugeot,Não tem,Não tem,FAZER
3312,MLB2028206514,https://produto.mercadolivre.com.br/MLB-2028206514-tampa-reservatorio-expansao-peugeot-207-2008-a-2016-florio-_JM#position=1&search_layout=stack&type=item&tracking_id=130ce36c-7d6d-4074-b277-68ea4cd4537a,Tampa Reservatorio Expansao Peugeot 207 2008 A 2016 Florio,"R$137,04",Ver os meios de pagamento,0.0,VERIFICAR PERGUNTA,Não tem,25754,FAZER
3313,MLB1984976363,https://produto.mercadolivre.com.br/MLB-1984976363-tampa-de-agua-reservatorio-peugeot-106-14-bar-20psi-_JM#position=1&search_layout=stack&type=item&tracking_id=6356da82-c3b3-4d9f-a04b-d4944a542fe2,Tampa De Agua Reservatório Peugeot 106 1.4 Bar 20psi,"R$138,22",Ver os meios de pagamento,0.0,Não tem,Não tem,Não tem,FAZER
3314,MLB1942741728,https://produto.mercadolivre.com.br/MLB-1942741728-tampa-reservatorio-expansao-peugeot-405-1996-1997-florio-_JM#position=1&search_layout=stack&type=item&tracking_id=7bb86fa6-f1c3-4947-91fa-41501d95ebc9,Tampa Reservatorio Expansao Peugeot-405 1996 1997 Florio,"R$140,52",Ver os meios de pagamento,0.0,Florio,"405 Anos: 1997, 1996, 1995, 1994, 1993...",LC514306,FAZER
3315,MLB2023293135,https://produto.mercadolivre.com.br/MLB-2023293135-tampa-reservatorio-expansao-peugeot-207-2008-a-2016-florio-_JM#position=3&search_layout=stack&type=item&tracking_id=a334fa80-68ef-4591-99c7-ea625213e6da,Tampa Reservatorio Expansao Peugeot 207 2008 A 2016 Florio,"R$141,04",Ver os meios de pagamento,0.0,VERIFICAR PERGUNTA,Não tem,25754,FAZER
3316,MLB1960878025,https://produto.mercadolivre.com.br/MLB-1960878025-tampa-reservatorio-expansao-15-bar-peugeot-206-2002-2003-_JM#position=5&search_layout=stack&type=item&tracking_id=8cba5696-4614-4902-9681-2eda54cbf0bb,"Tampa Reservatorio Expansao 1,5 Bar Peugeot 206 2002 2003","R$142,46",Ver os meios de pagamento,0.0,VERIFICAR PERGUNTA,Não tem,53167-5 / 531675,FAZER
3317,MLB2024459045,https://produto.mercadolivre.com.br/MLB-2024459045-tampa-do-reservatorio-peugeot-206-14-apos-2005-_JM#position=2&search_layout=stack&type=item&tracking_id=12fb565f-42d3-4173-811b-142b4abae0a7,Tampa Do Reservatório Peugeot 206 1.4 Após 2005,"R$143,52",Ver os meios de pagamento,0.0,VERIFICAR PERGUNTA,Não tem,1306.J5 9638001280 9681593380,FAZER
3318,MLB1908646378,https://produto.mercadolivre.com.br/MLB-1908646378-tampa-reservatorio-peugeot206-14-bar-2002-2003-2004-florio-_JM#position=13&search_layout=stack&type=item&tracking_id=b9b826a3-4520-4ab7-9e12-443a34b93987,,,,,,,,FAZER
3319,MLB1741077472,https://produto.mercadolivre.com.br/MLB-1741077472-tampa-reservatorio-original-peugeot-307-2004-_JM#position=3&search_layout=stack&type=item&tracking_id=3a57edd1-735c-4d1d-a7e4-8c5859d45cac,Tampa Reservatorio Original Peugeot 307 2004,"R$153,50",Ver os meios de pagamento,0.0,VERIFICAR PERGUNTA,"2009,2004...,307ANOS:2012,2008,2007,2006,2005,2011,2010",1306J5,FAZER
3320,MLB1691289916,https://produto.mercadolivre.com.br/MLB-1691289916-tampa-reservatorio-original-peugeot-307-2006-_JM#position=26&search_layout=stack&type=item&tracking_id=3a57edd1-735c-4d1d-a7e4-8c5859d45cac,Tampa Reservatorio Original Peugeot 307 2006,"R$153,50",Ver os meios de pagamento,0.0,VERIFICAR PERGUNTA,"2009,2004...,307ANOS:2012,2008,2007,2006,2005,2011,2010",1306J5,FAZER
3321,MLB1885552374,https://produto.mercadolivre.com.br/MLB-1885552374-tampa-reserv-agua-peugeot-boxer-23-2017-5801782336-_JM#position=2&search_layout=stack&type=item&tracking_id=e218aa0a-ea20-4ae7-8590-029d4e89111e,,,,,,,,FAZER
3322,MLB1969236948,https://produto.mercadolivre.com.br/MLB-1969236948-tampa-de-agua-reservatorio-peugeot-306-14-bar-20psi-_JM#position=4&search_layout=stack&type=item&tracking_id=515e9b1f-b00b-464e-8527-6ada8995ff67,Tampa De Agua Reservatório Peugeot 306 1.4 Bar 20psi,R$159,Ver os meios de pagamento,0.0,VERIFICAR PERGUNTA,Não tem,0710071,FAZER
3323,MLB1897628697,https://produto.mercadolivre.com.br/MLB-1897628697-tampa-de-agua-reservatorio-peugeot-306-14-bar-20psi-_JM#position=18&search_layout=stack&type=item&tracking_id=515e9b1f-b00b-464e-8527-6ada8995ff67,Tampa De Agua Reservatório Peugeot 306 1.4 Bar 20psi,R$159,Ver os meios de pagamento,0.0,VERIFICAR PERGUNTA,Não tem,0710071,FAZER
3324,MLB2051122865,https://produto.mercadolivre.com.br/MLB-2051122865-tampa-de-agua-reservatorio-peugeot-306-14-bar-20psi-_JM#position=20&search_layout=stack&type=item&tracking_id=515e9b1f-b00b-464e-8527-6ada8995ff67,Tampa De Agua Reservatório Peugeot 306 1.4 Bar 20psi,R$159,Ver os meios de pagamento,0.0,VERIFICAR PERGUNTA,Não tem,0710071,FAZER
3325,MLB2051142306,https://produto.mercadolivre.com.br/MLB-2051142306-tampa-de-agua-reservatorio-peugeot-partner-14-bar-20psi-_JM#position=21&search_layout=stack&type=item&tracking_id=515e9b1f-b00b-464e-8527-6ada8995ff67,Tampa De Agua Reservatório Peugeot Partner 1.4 Bar 20psi,R$159,Ver os meios de pagamento,0.0,VERIFICAR PERGUNTA,Não tem,0710071,FAZER
3326,MLB1967774509,https://produto.mercadolivre.com.br/MLB-1967774509-tampa-de-agua-reservatorio-peugeot-306-14-bar-20psi-_JM#position=25&search_layout=stack&type=item&tracking_id=515e9b1f-b00b-464e-8527-6ada8995ff67,Tampa De Agua Reservatório Peugeot 306 1.4 Bar 20psi,R$159,Ver os meios de pagamento,0.0,VERIFICAR PERGUNTA,Não tem,0710071,FAZER
3327,MLB2050147532,https://produto.mercadolivre.com.br/MLB-2050147532-tampa-de-agua-reservatorio-peugeot-306-14-bar-20psi-_JM#position=31&search_layout=stack&type=item&tracking_id=515e9b1f-b00b-464e-8527-6ada8995ff67,Tampa De Agua Reservatório Peugeot 306 1.4 Bar 20psi,R$159,Ver os meios de pagamento,0.0,VERIFICAR PERGUNTA,Não tem,0710071,FAZER
3328,MLB2050198713,https://produto.mercadolivre.com.br/MLB-2050198713-tampa-de-agua-reservatorio-peugeot-partner-14-bar-20psi-_JM#position=32&search_layout=stack&type=item&tracking_id=515e9b1f-b00b-464e-8527-6ada8995ff67,Tampa De Agua Reservatório Peugeot Partner 1.4 Bar 20psi,R$159,Ver os meios de pagamento,0.0,VERIFICAR PERGUNTA,Não tem,0710071,FAZER
3329,MLB2028964486,https://produto.mercadolivre.com.br/MLB-2028964486-tampa-reservatorio-agua-peugeot-205-93-94-95-96-97-98-_JM#position=14&search_layout=stack&type=item&tracking_id=f5f6721b-8db3-4337-80b1-4ccd59571bae,Tampa Reservatório Agua Peugeot 205 93 94 95 96 97 98,R$160,Ver os meios de pagamento,0.0,VERIFICAR PERGUNTA,Não tem,8295,FAZER
3330,MLB2064365970,https://produto.mercadolivre.com.br/MLB-2064365970-tampa-reservatorio-agua-peugeot-205-93-94-95-96-97-98-_JM#position=16&search_layout=stack&type=item&tracking_id=f5f6721b-8db3-4337-80b1-4ccd59571bae,Tampa Reservatório Agua Peugeot 205 93 94 95 96 97 98,R$160,Ver os meios de pagamento,0.0,VERIFICAR PERGUNTA,Não tem,8295,FAZER
3331,MLB2065483062,https://produto.mercadolivre.com.br/MLB-2065483062-tampa-reservatorio-agua-peugeot-205-93-94-95-96-97-98-_JM#position=17&search_layout=stack&type=item&tracking_id=f5f6721b-8db3-4337-80b1-4ccd59571bae,Tampa Reservatório Agua Peugeot 205 93 94 95 96 97 98,R$160,Ver os meios de pagamento,0.0,VERIFICAR PERGUNTA,Não tem,8295,FAZER
3332,MLB1941830666,https://produto.mercadolivre.com.br/MLB-1941830666-tampa-reservatorio-agua-peugeot-205-90-91-92-93-94-95-96-97-_JM#position=48&search_layout=stack&type=item&tracking_id=f5f6721b-8db3-4337-80b1-4ccd59571bae,Tampa Reservatório Agua Peugeot 205 90 91 92 93 94 95 96 97,R$160,Ver os meios de pagamento,0.0,VERIFICAR PERGUNTA,Não tem,8295,FAZER
3333,MLB2068954730,https://produto.mercadolivre.com.br/MLB-2068954730-tampa-reservatorio-agua-peugeot-205-90-91-92-93-94-95-96-97-_JM#position=49&search_layout=stack&type=item&tracking_id=c310d393-305b-448d-8a90-8cedbe8032b8,,,,,,,,FAZER
3334,MLB1958515420,https://produto.mercadolivre.com.br/MLB-1958515420-conexo-da-bomba-de-agua-peugeot-206-kangoo-10-16v-sem-ar-_JM#position=4&search_layout=stack&type=item&tracking_id=b66332e0-cd59-402b-a548-47ed4ddfc903,Conexão Da Bomba De Agua Peugeot 206 - Kangoo 1.0 16v Sem Ar,"R$162,92",Ver os meios de pagamento,0.0,Não tem,Não tem,Não tem,FAZER
3335,MLB2027297530,https://produto.mercadolivre.com.br/MLB-2027297530-tampa-reservatorio-expanso-de-agua-radiador-peugeot-206-_JM#position=1&search_layout=stack&type=item&tracking_id=d74a1ee7-f20d-4cc6-a9a4-667fbd9456a5,Tampa Reservatório Expansão De Água Radiador Peugeot 206,"R$165,25",Ver os meios de pagamento,0.0,VERIFICAR PERGUNTA,Não tem,PG26,FAZER
3336,MLB2024667947,https://produto.mercadolivre.com.br/MLB-2024667947-tampa-reservatorio-expanso-de-agua-radiador-peugeot-206-_JM#position=1&search_layout=stack&type=item&tracking_id=73922a17-6067-4707-ac0b-c33219ce6523,Tampa Reservatório Expansão De Água Radiador Peugeot 206,"R$166,57",Ver os meios de pagamento,0.0,VERIFICAR PERGUNTA,Não tem,PG26,FAZER
3337,MLB1769541467,https://produto.mercadolivre.com.br/MLB-1769541467-tampa-reservatorio-expansao-peugeot-207-2008-a-2016-florio-_JM#position=4&search_layout=stack&type=item&tracking_id=73922a17-6067-4707-ac0b-c33219ce6523,Tampa Reservatorio Expansao Peugeot 207 2008 A 2016 Florio,"R$166,13",Ver os meios de pagamento,0.0,Flório,Não tem,Não tem,FAZER
3338,MLB2063025377,https://produto.mercadolivre.com.br/MLB-2063025377-tampa-reservatorio-radiador-peugeot-hoggar-2010-2011-2012-13-_JM#position=6&search_layout=stack&type=item&tracking_id=26d52a8a-4727-47cf-a113-b04c7399d08d,Tampa Reservatório Radiador Peugeot Hoggar 2010 2011 2012 13,R$168,Ver os meios de pagamento,0.0,VERIFICAR PERGUNTA,Não tem,N° ORIGINAL 1306E4 / 1306J5 - REF. TR5062 / F754 / TC9300,FAZER
3339,MLB2075426743,https://produto.mercadolivre.com.br/MLB-2075426743-tampa-reservatorio-original-peugeot-307-2006-_JM#position=47&search_layout=stack&type=item&tracking_id=e2866ed8-d564-4f2d-acb9-ae220075bd19,Tampa Reservatorio Original Peugeot 307 2006,"R$168,68",Ver os meios de pagamento,0.0,VERIFICAR PERGUNTA,"2009,2004...,307ANOS:2012,2008,2007,2006,2005,2011,2010",1306J5,FAZER
3340,MLB2075444206,https://produto.mercadolivre.com.br/MLB-2075444206-tampa-reservatorio-de-agua-2007-2014-peugeot-307-308-16-16v-_JM#position=18&search_layout=stack&type=item&tracking_id=3fb1db0e-2909-4dd3-a8f2-2c15f2dcbf62,Tampa Reservatório De Água 2007-2014 Peugeot 307 308 1.6 16v,R$170,Ver os meios de pagamento,0.0,VERIFICAR PERGUNTA,Não tem,16185,FAZER
3341,MLB879924265,https://produto.mercadolivre.com.br/MLB-879924265-caixa-radiador-peugeot-307-citroen-c-4-pallas-inf-565x46-_JM#position=19&search_layout=stack&type=item&tracking_id=3fb1db0e-2909-4dd3-a8f2-2c15f2dcbf62,"Caixa Radiador Peugeot 307 Citroen C 4 Pallas Inf 56,5x4,6","R$169,90",Ver os meios de pagamento,0.0,RADIADORES BICKEL generico,SIMILAR Original +,BICKEL SS 1062 / PE 721 ZEL,FAZER
3342,MLB802922098,https://produto.mercadolivre.com.br/MLB-802922098-caixa-radiador-peugeot-citroen-berlingo-engate-rapido-_JM#position=20&search_layout=stack&type=item&tracking_id=3fb1db0e-2909-4dd3-a8f2-2c15f2dcbf62,Caixa Radiador Peugeot Citroen Berlingo Engate Rápido,"R$169,90",Ver os meios de pagamento,0.0,RADIADORES BICKEL generico,Original +,BICKEL IN7008,FAZER
3343,MLB2068942871,https://produto.mercadolivre.com.br/MLB-2068942871-tampa-reservatorio-de-agua-2007-2014-peugeot-307-308-16-16v-_JM#position=25&search_layout=stack&type=item&tracking_id=3fb1db0e-2909-4dd3-a8f2-2c15f2dcbf62,,,,,,,,FAZER
3344,MLB879918306,https://produto.mercadolivre.com.br/MLB-879918306-caixa-radiador-peugeot-407-307-c4-pallas-superior-567x45-_JM#position=2&search_layout=stack&type=item&tracking_id=e44112af-49e5-46c3-9e2d-76034274c051,Caixa Radiador Peugeot 407 307 C4 Pallas Superior 567x45,"R$179,90",Ver os meios de pagamento,0.0,RADIADORES BICKEL generico,Original,BICKEL SS 1061 - PE 719 ZEL,FAZER
3345,MLB1535222453,https://produto.mercadolivre.com.br/MLB-1535222453-caixa-radiador-peugeot-307-e-c4-superior-com-retorno-_JM#position=2&search_layout=stack&type=item&tracking_id=2a4ae4a9-296f-4d2e-ae97-43f9b00ce5d3,,,,,,,,FAZER
3346,MLB2017662206,https://produto.mercadolivre.com.br/MLB-2017662206-tampa-radiador-peugeot-citroen-106-205-306-405-zx-xsara-nova-_JM#position=1&search_layout=stack&type=item&tracking_id=a00f3a6d-cebb-466a-99ba-cff611103a07,Tampa Radiador Peugeot Citroen 106 205 306 405 Zx Xsara Nova,"R$197,75",Ver os meios de pagamento,0.0,VERIFICAR PERGUNTA,Não tem,#741027109,FAZER
3347,MLB1698774763,https://produto.mercadolivre.com.br/MLB-1698774763-caixa-radiador-peugeot-307-308-408-sup-567-x-33-_JM#position=2&search_layout=stack&type=item&tracking_id=9ff15e69-34f8-4de0-bc07-420c57e5cff5,"Caixa Radiador Peugeot 307 308 408 Sup 56.7 X 3,3","R$198,90",Ver os meios de pagamento,0.0,RADIADORES BICKEL generico,Não tem,BICKEL PE 725 ZELUK,FAZER
3348,MLB2018196580,https://produto.mercadolivre.com.br/MLB-2018196580-tampa-radiador-peugeot-citroen-106-205-306-405-zx-xsara-nova-_JM#position=3&search_layout=stack&type=item&tracking_id=4ec4ef61-3c85-44f9-822c-0f611d46f6bc,Tampa Radiador Peugeot Citroen 106 205 306 405 Zx Xsara Nova,"R$199,25",Ver os meios de pagamento,0.0,VERIFICAR PERGUNTA,Não tem,#741027109,FAZER
3349,MLB907455267,https://produto.mercadolivre.com.br/MLB-907455267-caixa-radiador-peugeot-407-20-inferior-em-cobre-_JM#position=4&search_layout=stack&type=item&tracking_id=4ec4ef61-3c85-44f9-822c-0f611d46f6bc,Caixa Radiador Peugeot 407 2.0 Inferior Em Cobre,"R$199,90",Ver os meios de pagamento,0.0,RADIADORES BICKEL generico,SIMILAR ORIGINAL,BICKEL COBRE,FAZER
3350,MLB859984536,https://produto.mercadolivre.com.br/MLB-859984536-tampa-reservatorio-partida-fria-peugeot-206-207-307-_JM#position=16&search_layout=stack&type=item&tracking_id=e7501a3d-8994-443f-8191-1426dca7a8a0,Tampa Reservatorio Partida Fria Peugeot 206 207 307,"R$19,90",Ver os meios de pagamento,0.0,Peugeot,Não tem,Não tem,FAZER
3351,MLB1525005961,https://produto.mercadolivre.com.br/MLB-1525005961-tampa-reservatorio-de-agua-rad-partner-106-306-405-406-_JM#position=12&search_layout=stack&type=item&tracking_id=85339d67-5b7a-48cf-90d7-a55851726b3e,Tampa Reservatorio De Agua Rad Partner 106 306 405 406,"R$204,61",Ver os meios de pagamento,0.0,CITROEN/PEUGEOT,Não tem,03655,FAZER
3352,MLB2050194067,https://produto.mercadolivre.com.br/MLB-2050194067-tampa-reservatorio-expanso-de-agua-radiador-peugeot-206-_JM#position=20&search_layout=stack&type=item&tracking_id=85339d67-5b7a-48cf-90d7-a55851726b3e,Tampa Reservatório Expansão De Água Radiador Peugeot 206,"R$204,46",Ver os meios de pagamento,0.0,VERIFICAR PERGUNTA,Não tem,PG26,FAZER
3353,MLB1437011439,https://produto.mercadolivre.com.br/MLB-1437011439-tampa-reservatorio-de-agua-rad-partner106306405406-_JM#position=1&search_layout=stack&type=item&tracking_id=de5a8e07-7a24-49a2-8d51-4ba501f1f93e,Tampa Reservatorio De Agua Rad Partner/106/306/405/406,"R$207,90",Ver os meios de pagamento,0.0,CITROEN/PEUGEOT,Não tem,03655,FAZER
3354,MLB2023207233,https://produto.mercadolivre.com.br/MLB-2023207233-tampa-radiador-peugeot-citroen-106-205-306-405-zx-xsara-nova-_JM#position=13&search_layout=stack&type=item&tracking_id=f1f0f3d2-5f81-4175-b175-323feced27d0,Tampa Radiador Peugeot Citroen 106 205 306 405 Zx Xsara Nova,"R$211,54",Ver os meios de pagamento,0.0,VERIFICAR PERGUNTA,Não tem,#741027109,FAZER
3355,MLB1458891141,https://produto.mercadolivre.com.br/MLB-1458891141-caixa-radiador-peugeot-307-c4-superior-_JM#position=1&search_layout=stack&type=item&tracking_id=68d2885c-3276-4c91-9aae-7225bb017400,Caixa Radiador Peugeot 307 / C4 Superior,"R$219,90",Ver os meios de pagamento,0.0,Peugeot,Não tem,PE713,FAZER
3356,MLB1886507870,https://produto.mercadolivre.com.br/MLB-1886507870-suporte-radiador-refrigeraco-motor-peugeot-_JM#position=1&search_layout=stack&type=item&tracking_id=d30dbcaf-74c5-42b2-9a54-a7ede165a1fb,Suporte Radiador Refrigeração Motor Peugeot,R$22,Ver os meios de pagamento,0.0,DDA,Não tem,500.53,FAZER
3357,MLB1773510746,https://produto.mercadolivre.com.br/MLB-1773510746-tampa-reservgasolina-peugeot-206207-citroen-flex-_JM#position=17&search_layout=stack&type=item&tracking_id=3413ef09-ce5c-425e-9b31-b28eab09171f,Tampa Reserv.gasolina Peugeot 206/207 Citroen Flex,"R$22,28",Ver os meios de pagamento,0.0,Click,Não tem,TC9400,FAZER
3358,MLB2057639795,https://produto.mercadolivre.com.br/MLB-2057639795-tampa-do-reservatorio-partida-frio-peugeot-206207307-_JM#position=24&search_layout=stack&type=item&tracking_id=d2de5662-205a-43a3-b30a-7ffc2e41ed3a,"Tampa Do Reservatório Partida Frio Peugeot 206,207,307","R$23,75",Ver os meios de pagamento,0.0,Florio,Não tem,24066,FAZER
3359,MLB1957130592,https://produto.mercadolivre.com.br/MLB-1957130592-tampa-reservradiador-peugeot-206307-citroen-_JM#position=28&search_layout=stack&type=item&tracking_id=d2de5662-205a-43a3-b30a-7ffc2e41ed3a,Tampa Reserv.radiador Peugeot 206/307 Citroen,"R$23,56",Ver os meios de pagamento,0.0,Click,Não tem,1306E4,FAZER
3360,MLB1575753096,https://produto.mercadolivre.com.br/MLB-1575753096-caixa-radiador-citroen-ds3ds4aircrosspeugeot-208-superior-_JM#position=1&search_layout=stack&type=item&tracking_id=9c980a6c-69b3-44e9-a7b5-78bc5d55b875,Caixa Radiador Citroen Ds3/ds4/aircross/peugeot 208 Superior,"R$249,90",Ver os meios de pagamento,0.0,ZELUKAR,Não tem,PE729,FAZER
3361,MLB1578740083,https://produto.mercadolivre.com.br/MLB-1578740083-caixa-radiador-peugeot-3008307308407-inferior-fino-csupo-_JM#position=1&search_layout=stack&type=item&tracking_id=f83a14dd-9568-4cb5-bb68-d16185f05415,Caixa Radiador Peugeot 3008/307/308/407 Inferior Fino C/supo,"R$259,90",Ver os meios de pagamento,0.0,ZELUKAR,Não tem,PE726,FAZER
3362,MLB1578728459,https://produto.mercadolivre.com.br/MLB-1578728459-caixa-radiador-peugeot-3008307308407-inferior-scano-_JM#position=2&search_layout=stack&type=item&tracking_id=f83a14dd-9568-4cb5-bb68-d16185f05415,Caixa Radiador Peugeot 3008/307/308/407 Inferior S/cano,"R$259,90",Ver os meios de pagamento,0.0,ZELUKAR,Não tem,PE723,FAZER
3363,MLB1578727931,https://produto.mercadolivre.com.br/MLB-1578727931-caixa-radiador-peugeot-3008307308407-inferior-com-cano-_JM#position=3&search_layout=stack&type=item&tracking_id=f83a14dd-9568-4cb5-bb68-d16185f05415,Caixa Radiador Peugeot 3008/307/308/407 Inferior Com Cano,"R$259,90",Ver os meios de pagamento,0.0,ZELUKAR,Não tem,PE724,FAZER
3364,MLB1985344799,https://produto.mercadolivre.com.br/MLB-1985344799-tampa-reservatorio-peugeot-206-207-307-citroen-c3-c5-c8-_JM#position=15&search_layout=stack&type=item&tracking_id=6967de8c-f7e4-44aa-b464-86536689a881,Tampa Reservatorio Peugeot 206 207 307 Citroen C3 C5 C8,"R$25,87",Ver os meios de pagamento,0.0,Florio,Não tem,MF-25754,FAZER
3365,MLB1885752644,https://produto.mercadolivre.com.br/MLB-1885752644-tampa-reservatorio-radiador-peugeot-408-2011-2012-a-2019-_JM#position=4&search_layout=stack&type=item&tracking_id=fbf2e89a-714b-42e1-9b0d-6e3166d6c5fa,Tampa Reservatório Radiador Peugeot 408 2011 2012 A 2019,"R$26,36",Ver os meios de pagamento,0.0,Florio,Não tem,F754,FAZER
3366,MLB1885748844,https://produto.mercadolivre.com.br/MLB-1885748844-tampa-reservatorio-radiador-peugeot-3008-2011-2012-2013-_JM#position=5&search_layout=stack&type=item&tracking_id=fbf2e89a-714b-42e1-9b0d-6e3166d6c5fa,Tampa Reservatório Radiador Peugeot 3008 2011 2012 2013/...,"R$26,36",Ver os meios de pagamento,0.0,Florio,Não tem,F754,FAZER
3367,MLB1885755913,https://produto.mercadolivre.com.br/MLB-1885755913-tampa-reservatorio-radiador-peugeot-307-2002-ate-2012-_JM#position=7&search_layout=stack&type=item&tracking_id=fbf2e89a-714b-42e1-9b0d-6e3166d6c5fa,Tampa Reservatório Radiador Peugeot 307 - 2002 Até 2012,"R$26,36",Ver os meios de pagamento,0.0,Florio,Não tem,F754,FAZER
3368,MLB1885748858,https://produto.mercadolivre.com.br/MLB-1885748858-tampa-reservatorio-radiador-peugeot-206-sw-16-2004-ate-2008-_JM#position=8&search_layout=stack&type=item&tracking_id=fbf2e89a-714b-42e1-9b0d-6e3166d6c5fa,Tampa Reservatório Radiador Peugeot 206 Sw 1.6 2004 Até 2008,"R$26,36",Ver os meios de pagamento,0.0,Florio,Não tem,F754,FAZER
3369,MLB1885755906,https://produto.mercadolivre.com.br/MLB-1885755906-tampa-reservatorio-radiador-peugeot-307-308-16-20-_JM#position=11&search_layout=stack&type=item&tracking_id=fbf2e89a-714b-42e1-9b0d-6e3166d6c5fa,Tampa Reservatório Radiador Peugeot 307 308 1.6 2.0,"R$26,36",Ver os meios de pagamento,0.0,Florio,Não tem,F754,FAZER
3370,MLB1885748832,https://produto.mercadolivre.com.br/MLB-1885748832-tampa-reservatorio-radiador-peugeot-106-206-207-208-307-308-_JM#position=12&search_layout=stack&type=item&tracking_id=fbf2e89a-714b-42e1-9b0d-6e3166d6c5fa,Tampa Reservatório Radiador Peugeot 106 206 207 208 307 308,"R$26,36",Ver os meios de pagamento,0.0,Florio,Não tem,F754,FAZER
3371,MLB1885755903,https://produto.mercadolivre.com.br/MLB-1885755903-tampa-reservatorio-radiador-peugeot-408-apos-2011-_JM#position=23&search_layout=stack&type=item&tracking_id=fbf2e89a-714b-42e1-9b0d-6e3166d6c5fa,Tampa Reservatório Radiador Peugeot 408 Após 2011,"R$26,36",Ver os meios de pagamento,0.0,Florio,Não tem,F754,FAZER
3372,MLB1885748819,https://produto.mercadolivre.com.br/MLB-1885748819-tampa-reservatorio-radiador-peugeot-307-308-406-408-hoggar-_JM#position=26&search_layout=stack&type=item&tracking_id=fbf2e89a-714b-42e1-9b0d-6e3166d6c5fa,Tampa Reservatório Radiador Peugeot 307 308 406 408 Hoggar,"R$26,36",Ver os meios de pagamento,0.0,Florio,Não tem,F754,FAZER
3373,MLB1885752696,https://produto.mercadolivre.com.br/MLB-1885752696-tampa-reservatorio-radiador-peugeot-206-207-208-307-406-508-_JM#position=27&search_layout=stack&type=item&tracking_id=fbf2e89a-714b-42e1-9b0d-6e3166d6c5fa,Tampa Reservatório Radiador Peugeot 206 207 208 307 406 508,"R$26,36",Ver os meios de pagamento,0.0,Florio,Não tem,F754,FAZER
3374,MLB1885748787,https://produto.mercadolivre.com.br/MLB-1885748787-tampa-reservatorio-radiador-peugeot-206-sw-207-sw-todos-_JM#position=33&search_layout=stack&type=item&tracking_id=fbf2e89a-714b-42e1-9b0d-6e3166d6c5fa,Tampa Reservatório Radiador Peugeot 206 Sw 207 Sw Todos,"R$26,36",Ver os meios de pagamento,0.0,Florio,Não tem,F754,FAZER
3375,MLB1885748822,https://produto.mercadolivre.com.br/MLB-1885748822-tampa-reservatorio-radiador-peugeot-206-207-hoggar-14-16-_JM#position=34&search_layout=stack&type=item&tracking_id=fbf2e89a-714b-42e1-9b0d-6e3166d6c5fa,Tampa Reservatório Radiador Peugeot 206 207 Hoggar 1.4 1.6,"R$26,36",Ver os meios de pagamento,0.0,Florio,Não tem,F754,FAZER
3376,MLB1885748755,https://produto.mercadolivre.com.br/MLB-1885748755-tampa-reservatorio-radiador-peugeot-307-soleil-_JM#position=41&search_layout=stack&type=item&tracking_id=fbf2e89a-714b-42e1-9b0d-6e3166d6c5fa,Tampa Reservatório Radiador Peugeot 307 Soleil,"R$26,36",Ver os meios de pagamento,0.0,Florio,Não tem,F754,FAZER
3377,MLB1885748856,https://produto.mercadolivre.com.br/MLB-1885748856-tampa-reservatorio-radiador-peugeot-207-14-16-2008-a-2015-_JM#position=42&search_layout=stack&type=item&tracking_id=fbf2e89a-714b-42e1-9b0d-6e3166d6c5fa,Tampa Reservatório Radiador Peugeot 207 1.4 1.6 2008 A 2015,"R$26,36",Ver os meios de pagamento,0.0,Florio,Não tem,F754,FAZER
3378,MLB1885752643,https://produto.mercadolivre.com.br/MLB-1885752643-tampa-reservatorio-radiador-peugeot-308-2012-2013-a-2018-_JM#position=43&search_layout=stack&type=item&tracking_id=fbf2e89a-714b-42e1-9b0d-6e3166d6c5fa,Tampa Reservatório Radiador Peugeot 308 2012 2013 A 2018,"R$26,36",Ver os meios de pagamento,0.0,Florio,Não tem,F754,FAZER
3379,MLB1885752655,https://produto.mercadolivre.com.br/MLB-1885752655-tampa-reservatorio-radiador-peugeot-307-308-406-408-todos-_JM#position=44&search_layout=stack&type=item&tracking_id=fbf2e89a-714b-42e1-9b0d-6e3166d6c5fa,Tampa Reservatório Radiador Peugeot 307 308 406 408 Todos,"R$26,36",Ver os meios de pagamento,0.0,Florio,Não tem,F754,FAZER
3380,MLB1885752672,https://produto.mercadolivre.com.br/MLB-1885752672-tampa-reservatorio-radiador-citroen-c4-peugoet-307-16-20-_JM#position=45&search_layout=stack&type=item&tracking_id=fbf2e89a-714b-42e1-9b0d-6e3166d6c5fa,Tampa Reservatório Radiador Citroen C4 Peugoet 307 1.6 2.0,"R$26,36",Ver os meios de pagamento,0.0,Florio,Não tem,F754,FAZER
3381,MLB1885755905,https://produto.mercadolivre.com.br/MLB-1885755905-tampa-reservatorio-radiador-peugeot-3008-apos-2011-_JM#position=46&search_layout=stack&type=item&tracking_id=fbf2e89a-714b-42e1-9b0d-6e3166d6c5fa,Tampa Reservatório Radiador Peugeot 3008 Após 2011,"R$26,36",Ver os meios de pagamento,0.0,Florio,Não tem,F754,FAZER
3382,MLB1885755963,https://produto.mercadolivre.com.br/MLB-1885755963-tampa-reservatorio-radiador-peugeot-206-10-14-16-992011-_JM#position=47&search_layout=stack&type=item&tracking_id=fbf2e89a-714b-42e1-9b0d-6e3166d6c5fa,Tampa Reservatório Radiador Peugeot 206 1.0 1.4 1.6 99/2011,"R$26,36",Ver os meios de pagamento,0.0,Florio,Não tem,F754,FAZER
3383,MLB1885755964,https://produto.mercadolivre.com.br/MLB-1885755964-tampa-reservatorio-radiador-peugeot-206-1999-2000-2001-_JM#position=48&search_layout=stack&type=item&tracking_id=fbf2e89a-714b-42e1-9b0d-6e3166d6c5fa,Tampa Reservatório Radiador Peugeot 206 - 1999 2000 2001/...,"R$26,36",Ver os meios de pagamento,0.0,Florio,Não tem,F754,FAZER
3384,MLB1885755976,https://produto.mercadolivre.com.br/MLB-1885755976-tampa-reservatorio-radiador-peugeot-206-207-10-14-16-todo-_JM#position=49&search_layout=stack&type=item&tracking_id=fbf2e89a-714b-42e1-9b0d-6e3166d6c5fa,Tampa Reservatório Radiador Peugeot 206 207 1.0 1.4 1.6 Todo,"R$26,36",Ver os meios de pagamento,0.0,Florio,Não tem,F754,FAZER
3385,MLB1885748768,https://produto.mercadolivre.com.br/MLB-1885748768-tampa-reservatorio-radiador-peugeot-308-apos-2012-_JM#position=35&search_layout=stack&type=item&tracking_id=cc739b51-2978-4186-9ce8-c7944e17e61d,Tampa Reservatório Radiador Peugeot 308 Após 2012,"R$26,36",Ver os meios de pagamento,0.0,Florio,Não tem,F754,FAZER
3386,MLB1885748789,https://produto.mercadolivre.com.br/MLB-1885748789-tampa-reservatorio-radiador-peugeot-208-2013-ate-2021-_JM#position=36&search_layout=stack&type=item&tracking_id=cc739b51-2978-4186-9ce8-c7944e17e61d,Tampa Reservatório Radiador Peugeot 208 - 2013 Até 2021,"R$26,36",Ver os meios de pagamento,0.0,Florio,Não tem,F754,FAZER
3387,MLB1885748808,https://produto.mercadolivre.com.br/MLB-1885748808-tampa-reservatorio-radiador-peugeot-206-10-14-16-todos-_JM#position=37&search_layout=stack&type=item&tracking_id=cc739b51-2978-4186-9ce8-c7944e17e61d,Tampa Reservatório Radiador Peugeot 206 1.0 1.4 1.6 Todos,"R$26,36",Ver os meios de pagamento,0.0,Florio,Não tem,F754,FAZER
3388,MLB1885748817,https://produto.mercadolivre.com.br/MLB-1885748817-tampa-reservatorio-radiador-peugeot-207-2009-2010-a-2015-_JM#position=38&search_layout=stack&type=item&tracking_id=cc739b51-2978-4186-9ce8-c7944e17e61d,Tampa Reservatório Radiador Peugeot 207 - 2009 2010 A 2015,"R$26,36",Ver os meios de pagamento,0.0,Florio,Não tem,F754,FAZER
3389,MLB1885752638,https://produto.mercadolivre.com.br/MLB-1885752638-tampa-reservatorio-radiador-peugeot-206-sw-14-16-todos-_JM#position=39&search_layout=stack&type=item&tracking_id=cc739b51-2978-4186-9ce8-c7944e17e61d,Tampa Reservatório Radiador Peugeot 206 Sw 1.4 1.6 Todos,"R$26,36",Ver os meios de pagamento,0.0,Florio,Não tem,F754,FAZER
3390,MLB1885755921,https://produto.mercadolivre.com.br/MLB-1885755921-tampa-reservatorio-radiador-peugeot-307-2002-2003-a-2012-_JM#position=40&search_layout=stack&type=item&tracking_id=cc739b51-2978-4186-9ce8-c7944e17e61d,Tampa Reservatório Radiador Peugeot 307 2002 2003 A 2012,"R$26,36",Ver os meios de pagamento,0.0,Florio,Não tem,F754,FAZER
3391,MLB1885755944,https://produto.mercadolivre.com.br/MLB-1885755944-tampa-reservatorio-radiador-peugeot-208-citroen-c3-picasso-_JM#position=41&search_layout=stack&type=item&tracking_id=cc739b51-2978-4186-9ce8-c7944e17e61d,Tampa Reservatório Radiador Peugeot 208 Citroen C3 Picasso,"R$26,36",Ver os meios de pagamento,0.0,Florio,Não tem,F754,FAZER
3392,MLB1885755977,https://produto.mercadolivre.com.br/MLB-1885755977-tampa-reservatorio-radiador-peugeot-206-207-3008-hoggar-todo-_JM#position=42&search_layout=stack&type=item&tracking_id=cc739b51-2978-4186-9ce8-c7944e17e61d,Tampa Reservatório Radiador Peugeot 206 207 3008 Hoggar Todo,"R$26,36",Ver os meios de pagamento,0.0,Florio,Não tem,F754,FAZER
3393,MLB1885748772,https://produto.mercadolivre.com.br/MLB-1885748772-tampa-reservatorio-radiador-peugeot-406-apos-1998-_JM#position=43&search_layout=stack&type=item&tracking_id=cc739b51-2978-4186-9ce8-c7944e17e61d,Tampa Reservatório Radiador Peugeot 406 Após 1998,"R$26,36",Ver os meios de pagamento,0.0,Florio,Não tem,F754,FAZER
3394,MLB1885748794,https://produto.mercadolivre.com.br/MLB-1885748794-tampa-reservatorio-radiador-peugeot-206-1999-em-diante-_JM#position=44&search_layout=stack&type=item&tracking_id=cc739b51-2978-4186-9ce8-c7944e17e61d,Tampa Reservatório Radiador Peugeot 206 - 1999 Em Diante,"R$26,36",Ver os meios de pagamento,0.0,Florio,Não tem,F754,FAZER
3395,MLB1885748835,https://produto.mercadolivre.com.br/MLB-1885748835-tampa-reservatorio-radiador-peugeot-206-sw-2004-2005-a-2008-_JM#position=45&search_layout=stack&type=item&tracking_id=cc739b51-2978-4186-9ce8-c7944e17e61d,Tampa Reservatório Radiador Peugeot 206 Sw 2004 2005 A 2008,"R$26,36",Ver os meios de pagamento,0.0,Florio,Não tem,F754,FAZER
3396,MLB1885748837,https://produto.mercadolivre.com.br/MLB-1885748837-tampa-reservatorio-radiador-peugeot-207-sw-2009-2010-a-2015-_JM#position=46&search_layout=stack&type=item&tracking_id=cc739b51-2978-4186-9ce8-c7944e17e61d,Tampa Reservatório Radiador Peugeot 207 Sw 2009 2010 A 2015,"R$26,36",Ver os meios de pagamento,0.0,Florio,Não tem,F754,FAZER
3397,MLB1885748848,https://produto.mercadolivre.com.br/MLB-1885748848-tampa-reservatorio-radiador-peugeot-hoggar-2009-2010-a-2014-_JM#position=47&search_layout=stack&type=item&tracking_id=cc739b51-2978-4186-9ce8-c7944e17e61d,Tampa Reservatório Radiador Peugeot Hoggar 2009 2010 A 2014,"R$26,36",Ver os meios de pagamento,0.0,Florio,Não tem,F754,FAZER
3398,MLB1885752604,https://produto.mercadolivre.com.br/MLB-1885752604-tampa-reservatorio-radiador-peugeot-206-apos-1999-_JM#position=48&search_layout=stack&type=item&tracking_id=cc739b51-2978-4186-9ce8-c7944e17e61d,Tampa Reservatório Radiador Peugeot 206 Após 1999,"R$26,36",Ver os meios de pagamento,0.0,Florio,Não tem,F754,FAZER
3399,MLB1885752630,https://produto.mercadolivre.com.br/MLB-1885752630-tampa-reservatorio-radiador-peugeot-308-2012-ate-2018-_JM#position=49&search_layout=stack&type=item&tracking_id=cc739b51-2978-4186-9ce8-c7944e17e61d,Tampa Reservatório Radiador Peugeot 308 - 2012 Até 2018,"R$26,36",Ver os meios de pagamento,0.0,Florio,Não tem,F754,FAZER
3400,MLB1885752653,https://produto.mercadolivre.com.br/MLB-1885752653-tampa-reservatorio-radiador-peugeot-206-207-208-307-_JM#position=50&search_layout=stack&type=item&tracking_id=cc739b51-2978-4186-9ce8-c7944e17e61d,Tampa Reservatório Radiador Peugeot 206 / 207 / 208 / 307,"R$26,36",Ver os meios de pagamento,0.0,Florio,Não tem,F754,FAZER
3401,MLB1885752667,https://produto.mercadolivre.com.br/MLB-1885752667-tampa-reservatorio-radiador-peugeot-206-1999-2000-a-2011-_JM#position=36&search_layout=stack&type=item&tracking_id=bc504837-de17-49dd-b868-b28a576dbaf4,Tampa Reservatório Radiador Peugeot 206 - 1999 2000 A 2011,"R$26,36",Ver os meios de pagamento,0.0,Florio,Não tem,F754,FAZER
3402,MLB1885752693,https://produto.mercadolivre.com.br/MLB-1885752693-tampa-reservatorio-radiador-peugeot-406-1998-99-2000-a-2004-_JM#position=37&search_layout=stack&type=item&tracking_id=bc504837-de17-49dd-b868-b28a576dbaf4,Tampa Reservatório Radiador Peugeot 406 1998 99 2000 A 2004,"R$26,36",Ver os meios de pagamento,0.0,Florio,Não tem,F754,FAZER
3403,MLB1885752700,https://produto.mercadolivre.com.br/MLB-1885752700-tampa-reservatorio-radiador-peugeot-206-207-307-3008-hoggar-_JM#position=38&search_layout=stack&type=item&tracking_id=bc504837-de17-49dd-b868-b28a576dbaf4,Tampa Reservatório Radiador Peugeot 206 207 307 3008 Hoggar,"R$26,36",Ver os meios de pagamento,0.0,Florio,Não tem,F754,FAZER
3404,MLB1885752714,https://produto.mercadolivre.com.br/MLB-1885752714-tampa-reservatorio-radiador-c3-c4-pallas-peugeot-206-207-307-_JM#position=39&search_layout=stack&type=item&tracking_id=bc504837-de17-49dd-b868-b28a576dbaf4,Tampa Reservatório Radiador C3 C4 Pallas Peugeot 206 207 307,"R$26,36",Ver os meios de pagamento,0.0,Florio,Não tem,F754,FAZER
3405,MLB1885752721,https://produto.mercadolivre.com.br/MLB-1885752721-tampa-reservatorio-radiador-peugeot-hoggar-14-16-20092014-_JM#position=40&search_layout=stack&type=item&tracking_id=bc504837-de17-49dd-b868-b28a576dbaf4,Tampa Reservatório Radiador Peugeot Hoggar 1.4 1.6 2009/2014,"R$26,36",Ver os meios de pagamento,0.0,Florio,Não tem,F754,FAZER
3406,MLB1885755900,https://produto.mercadolivre.com.br/MLB-1885755900-tampa-reservatorio-radiador-peugeot-208-apos-2013-_JM#position=41&search_layout=stack&type=item&tracking_id=bc504837-de17-49dd-b868-b28a576dbaf4,Tampa Reservatório Radiador Peugeot 208 Após 2013,"R$26,36",Ver os meios de pagamento,0.0,Florio,Não tem,F754,FAZER
3407,MLB1885755901,https://produto.mercadolivre.com.br/MLB-1885755901-tampa-reservatorio-radiador-peugeot-207-apos-2008-_JM#position=42&search_layout=stack&type=item&tracking_id=bc504837-de17-49dd-b868-b28a576dbaf4,Tampa Reservatório Radiador Peugeot 207 Após 2008,"R$26,36",Ver os meios de pagamento,0.0,Florio,Não tem,F754,FAZER
3408,MLB1885755902,https://produto.mercadolivre.com.br/MLB-1885755902-tampa-reservatorio-radiador-peugeot-307-apos-2002-_JM#position=43&search_layout=stack&type=item&tracking_id=bc504837-de17-49dd-b868-b28a576dbaf4,Tampa Reservatório Radiador Peugeot 307 Após 2002,"R$26,36",Ver os meios de pagamento,0.0,Florio,Não tem,F754,FAZER
3409,MLB1885755907,https://produto.mercadolivre.com.br/MLB-1885755907-tampa-reservatorio-radiador-peugeot-hoggar-apos-2009-_JM#position=44&search_layout=stack&type=item&tracking_id=bc504837-de17-49dd-b868-b28a576dbaf4,Tampa Reservatório Radiador Peugeot Hoggar Após 2009,"R$26,36",Ver os meios de pagamento,0.0,Florio,Não tem,F754,FAZER
3410,MLB1885755916,https://produto.mercadolivre.com.br/MLB-1885755916-tampa-reservatorio-radiador-peugeot-406-1998-ate-2004-_JM#position=45&search_layout=stack&type=item&tracking_id=bc504837-de17-49dd-b868-b28a576dbaf4,Tampa Reservatório Radiador Peugeot 406 - 1998 Até 2004,"R$26,36",Ver os meios de pagamento,0.0,Florio,Não tem,F754,FAZER
3411,MLB1885755917,https://produto.mercadolivre.com.br/MLB-1885755917-tampa-reservatorio-radiador-peugeot-408-2011-ate-2019-_JM#position=46&search_layout=stack&type=item&tracking_id=bc504837-de17-49dd-b868-b28a576dbaf4,Tampa Reservatório Radiador Peugeot 408 - 2011 Até 2019,"R$26,36",Ver os meios de pagamento,0.0,Florio,Não tem,F754,FAZER
3412,MLB1874312745,https://produto.mercadolivre.com.br/MLB-1874312745-tampa-do-reservatorio-agua-peugeot-hoggar-206-207-208-_JM#position=50&search_layout=stack&type=item&tracking_id=bc504837-de17-49dd-b868-b28a576dbaf4,,,,,,,,FAZER
3413,MLB2066414556,https://produto.mercadolivre.com.br/MLB-2066414556-tampa-reservatorio-expansao-peugeot-206-2002-2003-2004-_JM#position=2&search_layout=stack&type=item&tracking_id=8a58775f-4649-4ed5-85e0-22babd46811d,,,,,,,,FAZER
3414,MLB2066420889,https://produto.mercadolivre.com.br/MLB-2066420889-tampa-reservatorio-expansao-peugeot-207-2011-2012-2013-_JM#position=3&search_layout=stack&type=item&tracking_id=8a58775f-4649-4ed5-85e0-22babd46811d,,,,,,,,FAZER
3415,MLB2066434011,https://produto.mercadolivre.com.br/MLB-2066434011-tampa-reservatorio-expansao-peugeot-206-1999-2000-2001-_JM#position=4&search_layout=stack&type=item&tracking_id=8a58775f-4649-4ed5-85e0-22babd46811d,,,,,,,,FAZER
3416,MLB2066434026,https://produto.mercadolivre.com.br/MLB-2066434026-tampa-reservatorio-expansao-hoggar-2013-2014-2015-_JM#position=5&search_layout=stack&type=item&tracking_id=8a58775f-4649-4ed5-85e0-22babd46811d,,,,,,,,FAZER
3417,MLB2066446919,https://produto.mercadolivre.com.br/MLB-2066446919-tampa-reservatorio-expansao-peugeot-207-2008-2009-2010-_JM#position=6&search_layout=stack&type=item&tracking_id=8a58775f-4649-4ed5-85e0-22babd46811d,,,,,,,,FAZER
3418,MLB2066446920,https://produto.mercadolivre.com.br/MLB-2066446920-tampa-reservatorio-expansao-peugeot-207-2014-2015-2016-_JM#position=7&search_layout=stack&type=item&tracking_id=8a58775f-4649-4ed5-85e0-22babd46811d,,,,,,,,FAZER
3419,MLB2066459873,https://produto.mercadolivre.com.br/MLB-2066459873-tampa-reservatorio-expansao-peugeot-206-2005-2006-2007-_JM#position=8&search_layout=stack&type=item&tracking_id=8a58775f-4649-4ed5-85e0-22babd46811d,,,,,,,,FAZER
3420,MLB2066466351,https://produto.mercadolivre.com.br/MLB-2066466351-tampa-reservatorio-expansao-hoggar-2010-2011-2012-_JM#position=9&search_layout=stack&type=item&tracking_id=8a58775f-4649-4ed5-85e0-22babd46811d,,,,,,,,FAZER
3421,MLB2066472674,https://produto.mercadolivre.com.br/MLB-2066472674-tampa-reservatorio-expansao-peugeot-206-2008-2009-2010-_JM#position=10&search_layout=stack&type=item&tracking_id=8a58775f-4649-4ed5-85e0-22babd46811d,,,,,,,,FAZER
3422,MLB2051073188,https://produto.mercadolivre.com.br/MLB-2051073188-tampa-reservatorio-expansao-peugeot-405-1996-1997-_JM#position=2&search_layout=stack&type=item&tracking_id=53398ff5-d1f1-4619-ab83-2e651abe641b,Tampa Reservatorio Expansao Peugeot-405 1996 1997,"R$299,76",Ver os meios de pagamento,0.0,VERIFICAR PERGUNTA,"1996,1995,1994,405ANOS:1997,1993...",LC514306,FAZER
3423,MLB1908628157,https://produto.mercadolivre.com.br/MLB-1908628157-tampa-reservatorio-expansao-peugeot-306-1994-1995-1996-_JM#position=7&search_layout=stack&type=item&tracking_id=53398ff5-d1f1-4619-ab83-2e651abe641b,Tampa Reservatorio Expansao Peugeot-306 1994 1995 1996,"R$299,84",Ver os meios de pagamento,0.0,Flório,Não tem,Não tem,FAZER
3424,MLB1908628159,https://produto.mercadolivre.com.br/MLB-1908628159-tampa-reservatorio-peugeot306-14-bar-2000-2001-florio-_JM#position=8&search_layout=stack&type=item&tracking_id=53398ff5-d1f1-4619-ab83-2e651abe641b,"Tampa Reservatorio Peugeot306 1,4 Bar 2000 2001 Florio","R$299,84",Ver os meios de pagamento,0.0,Florio,Não tem,Não tem,FAZER
3425,MLB1536796059,https://produto.mercadolivre.com.br/MLB-1536796059-tampa-reservradiador-peugeot-206307-citroen-_JM#position=27&search_layout=stack&type=item&tracking_id=7af8d671-780e-4b6b-b73a-3b4ab447bc41,Tampa Reserv.radiador Peugeot 206/307 Citroen,"R$29,61",Ver os meios de pagamento,0.0,Flório,Não tem,MF25754,FAZER
3426,MLB1619719907,https://produto.mercadolivre.com.br/MLB-1619719907-tampa-reservatorio-agua-c3-c4-pallas-peugeot-206-207-tc-9300-_JM#position=38&search_layout=stack&type=item&tracking_id=7af8d671-780e-4b6b-b73a-3b4ab447bc41,Tampa Reservatório Água C3 C4 Pallas Peugeot 206 207 Tc-9300,"R$29,90",Ver os meios de pagamento,0.0,Tan Click,Não tem,TC-9300,FAZER
3427,MLB1926287480,https://produto.mercadolivre.com.br/MLB-1926287480-tampa-reservatorio-expansao-peugeot-306-1994-1995-1996-_JM#position=1&search_layout=stack&type=item&tracking_id=3707f994-87bb-4e51-96e5-759a0835f3fd,Tampa Reservatorio Expansao Peugeot-306 1994 1995 1996,"R$316,67",Ver os meios de pagamento,0.0,Flório,Não tem,Não tem,FAZER
3428,MLB1926287481,https://produto.mercadolivre.com.br/MLB-1926287481-tampa-reservatorio-peugeot306-14-bar-2000-2001-florio-_JM#position=2&search_layout=stack&type=item&tracking_id=3707f994-87bb-4e51-96e5-759a0835f3fd,"Tampa Reservatorio Peugeot306 1,4 Bar 2000 2001 Florio","R$316,67",Ver os meios de pagamento,0.0,Florio,Não tem,Não tem,FAZER
3429,MLB1117569830,https://produto.mercadolivre.com.br/MLB-1117569830-tampa-reservatorio-agua-radiador-peugeot-hoggar-1306j5-_JM#position=25&search_layout=stack&type=item&tracking_id=b5475703-58af-49ae-9e18-026defa21f19,,,,,,,,FAZER
3430,MLB1833885274,https://produto.mercadolivre.com.br/MLB-1833885274-tampa-reservatorio-exp-agua-peugeot-hoggar-1306ja-_JM#position=26&search_layout=stack&type=item&tracking_id=b5475703-58af-49ae-9e18-026defa21f19,Tampa Reservatório Exp Água Peugeot Hoggar - 1306ja,R$33,Ver os meios de pagamento,0.0,RIBPECAS DISTRIBUIDORA,Não tem,1306J5,FAZER
3431,MLB762399496,https://produto.mercadolivre.com.br/MLB-762399496-radiador-peugeot-106-com-ar-10-9501-_JM#position=1&search_layout=stack&type=item&tracking_id=9a9f99f3-a7cf-4e15-8087-f292e90d3956,Radiador Peugeot 106 Com Ar 1.0 95/01,"R$342,90",Ver os meios de pagamento,0.0,RADIADORES BICKEL generico,ORIGINAL,BICKEL 581,FAZER
3432,MLB835900726,https://produto.mercadolivre.com.br/MLB-835900726-tampa-reservatorio-radiador-peugeot-206-207-307-_JM#position=42&search_layout=stack&type=item&tracking_id=77f2f3fe-9b44-4542-91c8-f50b50fd7067,Tampa Reservatório Radiador Peugeot 206 207 307,R$35,Ver os meios de pagamento,0.0,Importada,Não tem,207 207 307,FAZER
3433,MLB2020413049,https://produto.mercadolivre.com.br/MLB-2020413049-tampa-radiador-peugeot-206-1999-a-2010-1-4-bar-tampa-preta-_JM#position=26&search_layout=stack&type=item&tracking_id=2ee8fe18-97ce-4786-a145-63f312207c90,Tampa Radiador Peugeot 206 1999 A 2010 1 4 Bar (tampa Preta),"R$35,84",Ver os meios de pagamento,0.0,Florio,"206 Anos: 2000, 1999...",LC514322,FAZER
3434,MLB2020419510,https://produto.mercadolivre.com.br/MLB-2020419510-tampa-radiador-peugeot-207-2008-a-2016-1-4-bar-tampa-preta-_JM#position=27&search_layout=stack&type=item&tracking_id=2ee8fe18-97ce-4786-a145-63f312207c90,Tampa Radiador Peugeot 207 2008 A 2016 1 4 Bar (tampa Preta),"R$35,84",Ver os meios de pagamento,0.0,Florio,"207 Anos: 2014, 2013, 2012, 2011, 2010, 2009...",LC514322,FAZER
3435,MLB2021990194,https://produto.mercadolivre.com.br/MLB-2021990194-tampa-radiador-peugeot-206-1999-a-2010-1-4-bar-tampa-preta-_JM#position=30&search_layout=stack&type=item&tracking_id=2ee8fe18-97ce-4786-a145-63f312207c90,Tampa Radiador Peugeot 206 1999 A 2010 1 4 Bar (tampa Preta),"R$35,84",Ver os meios de pagamento,0.0,Florio,"206 Anos: 2000, 1999...",LC514322,FAZER
3436,MLB2021990201,https://produto.mercadolivre.com.br/MLB-2021990201-tampa-radiador-peugeot-207-2008-a-2016-1-4-bar-tampa-preta-_JM#position=31&search_layout=stack&type=item&tracking_id=2ee8fe18-97ce-4786-a145-63f312207c90,Tampa Radiador Peugeot 207 2008 A 2016 1 4 Bar (tampa Preta),"R$35,84",Ver os meios de pagamento,0.0,Florio,"207 Anos: 2014, 2013, 2012, 2011, 2010, 2009...",LC514322,FAZER
3437,MLB2023419217,https://produto.mercadolivre.com.br/MLB-2023419217-tampa-radiador-peugeot-207-2008-a-2016-1-4-bar-tampa-preta-_JM#position=32&search_layout=stack&type=item&tracking_id=2ee8fe18-97ce-4786-a145-63f312207c90,Tampa Radiador Peugeot 207 2008 A 2016 1 4 Bar (tampa Preta),"R$35,84",Ver os meios de pagamento,0.0,Florio,"207 Anos: 2014, 2013, 2012, 2011, 2010, 2009...",LC514322,FAZER
3438,MLB2023438149,https://produto.mercadolivre.com.br/MLB-2023438149-tampa-radiador-peugeot-206-1999-a-2010-1-4-bar-tampa-preta-_JM#position=33&search_layout=stack&type=item&tracking_id=2ee8fe18-97ce-4786-a145-63f312207c90,Tampa Radiador Peugeot 206 1999 A 2010 1 4 Bar (tampa Preta),"R$35,84",Ver os meios de pagamento,0.0,Florio,"206 Anos: 2000, 1999...",LC514322,FAZER
3439,MLB2025022986,https://produto.mercadolivre.com.br/MLB-2025022986-tampa-radiador-peugeot-207-2008-a-2016-1-4-bar-tampa-preta-_JM#position=34&search_layout=stack&type=item&tracking_id=2ee8fe18-97ce-4786-a145-63f312207c90,Tampa Radiador Peugeot 207 2008 A 2016 1 4 Bar (tampa Preta),"R$35,84",Ver os meios de pagamento,0.0,Florio,"207 Anos: 2014, 2013, 2012, 2011, 2010, 2009...",LC514322,FAZER
3440,MLB2025042467,https://produto.mercadolivre.com.br/MLB-2025042467-tampa-radiador-peugeot-206-1999-a-2010-1-4-bar-tampa-preta-_JM#position=35&search_layout=stack&type=item&tracking_id=2ee8fe18-97ce-4786-a145-63f312207c90,Tampa Radiador Peugeot 206 1999 A 2010 1 4 Bar (tampa Preta),"R$35,84",Ver os meios de pagamento,0.0,Florio,"206 Anos: 2000, 1999...",LC514322,FAZER
3441,MLB2043147599,https://produto.mercadolivre.com.br/MLB-2043147599-tampa-reservatorio-agua-radiador-peugeot-206-10-14-16-_JM#position=3&search_layout=stack&type=item&tracking_id=dfa9c8c8-74e9-4220-8660-aaa7401ee764,Tampa Reservatório Água Radiador Peugeot 206 1.0 1.4 1.6,"R$36,90",Ver os meios de pagamento,0.0,Florio,1306J5,1306J5,FAZER
3442,MLB2043128915,https://produto.mercadolivre.com.br/MLB-2043128915-tampa-reservatorio-agua-radiador-peugeot-hoogar-partner-_JM#position=4&search_layout=stack&type=item&tracking_id=dfa9c8c8-74e9-4220-8660-aaa7401ee764,Tampa Reservatório Água Radiador Peugeot Hoogar Partner,"R$36,90",Ver os meios de pagamento,0.0,Florio,Não tem,1306J5,FAZER
3443,MLB2043134885,https://produto.mercadolivre.com.br/MLB-2043134885-tampa-reservatorio-agua-radiador-peugeot-207-208-307-407-_JM#position=5&search_layout=stack&type=item&tracking_id=dfa9c8c8-74e9-4220-8660-aaa7401ee764,Tampa Reservatório Água Radiador Peugeot 207 208 307 407,"R$36,90",Ver os meios de pagamento,0.0,Florio,1306J5,1306J5,FAZER
3444,MLB2043134928,https://produto.mercadolivre.com.br/MLB-2043134928-tampa-reservatorio-agua-radiador-peugeot-2008-3008-5008-_JM#position=6&search_layout=stack&type=item&tracking_id=dfa9c8c8-74e9-4220-8660-aaa7401ee764,Tampa Reservatório Água Radiador Peugeot 2008 3008 5008,"R$36,90",Ver os meios de pagamento,0.0,Florio,1306J5,1306J5,FAZER
3445,MLB1633992679,https://produto.mercadolivre.com.br/MLB-1633992679-tampa-reservatorio-de-agua-do-radiador-peugeot-hoggar-_JM#position=7&search_layout=stack&type=item&tracking_id=dfa9c8c8-74e9-4220-8660-aaa7401ee764,Tampa Reservatório De Água Do Radiador Peugeot Hoggar,"R$36,90",Ver os meios de pagamento,0.0,Florio,1306J5,1306J5,FAZER
3446,MLB1920678188,https://produto.mercadolivre.com.br/MLB-1920678188-tampa-reservatorio-expansao-peugeot-206-2008-2009-2010-_JM#position=24&search_layout=stack&type=item&tracking_id=2c87cebe-a45d-44e3-a49d-9a9b60c147a3,,,,,,,,FAZER
3447,MLB1178253186,https://produto.mercadolivre.com.br/MLB-1178253186-tampa-do-reservatorio-de-expanso-peugeot-206-_JM#position=45&search_layout=stack&type=item&tracking_id=2c87cebe-a45d-44e3-a49d-9a9b60c147a3,Tampa Do Reservatório De Expansão Peugeot 206,R$38,Tampa Do Reservatório De Expansão Peugeot 206,0.0,Flório,Não tem,1306j5,FAZER
3448,MLB2061417950,https://produto.mercadolivre.com.br/MLB-2061417950-tampa-reservatorio-expansao-peugeot-206-207-307-fl25754-_JM#position=47&search_layout=stack&type=item&tracking_id=2c87cebe-a45d-44e3-a49d-9a9b60c147a3,Tampa Reservatorio Expansao Peugeot 206 207 307 - Fl25.754,"R$38,19",Ver os meios de pagamento,0.0,Florio,Não tem,"FL25754 - TAMPA RESERVATORIO EXPANSAO Veículo C3, C4 Pallas, C5, C8, Picasso Nº Original 1306.J5 1,4 Bar",FAZER
3449,MLB2073803298,https://produto.mercadolivre.com.br/MLB-2073803298-tampa-reservatorio-expansao-peugeot-206-207-307-fl25754-_JM#position=48&search_layout=stack&type=item&tracking_id=2c87cebe-a45d-44e3-a49d-9a9b60c147a3,Tampa Reservatorio Expansao Peugeot 206 207 307 - Fl25.754,"R$38,19",Ver os meios de pagamento,0.0,Florio,Não tem,"FL25754 - TAMPA RESERVATORIO EXPANSAO Veículo C3, C4 Pallas, C5, C8, Picasso Nº Original 1306.J5 1,4 Bar",FAZER
3450,MLB1971184327,https://produto.mercadolivre.com.br/MLB-1971184327-tampa-reservatorio-partida-frio-peugeot-206-207-307-hoggar-_JM#position=16&search_layout=stack&type=item&tracking_id=8ed6e7c7-e877-4da9-910f-de3d0a09fb46,Tampa Reservatório Partida Frio Peugeot 206 207 307 Hoggar,"R$39,50",Ver os meios de pagamento,0.0,MTA,Não tem,MTA5050135,FAZER
3451,MLB1657638240,https://produto.mercadolivre.com.br/MLB-1657638240-suporte-coxim-do-radiador-peugeot-206-207-307-2003-04-06-07-_JM#position=41&search_layout=stack&type=item&tracking_id=8ed6e7c7-e877-4da9-910f-de3d0a09fb46,,,,,,,,FAZER
3452,MLB780642781,https://produto.mercadolivre.com.br/MLB-780642781-tampa-do-reservatorio-xsaraberlingopartner-_JM#position=2&search_layout=stack&type=item&tracking_id=d631b957-6c31-47b9-bad1-6bdbaf905bcb,Tampa Do Reservatório Xsara/berlingo/partner,"R$40,90",Ver os meios de pagamento,0.0,Peugeot,Não tem,733,FAZER
3453,MLB2061424383,https://produto.mercadolivre.com.br/MLB-2061424383-tampa-reservatorio-expansao-peugeot-206-207-307-fl25754-_JM#position=3&search_layout=stack&type=item&tracking_id=b254fe6f-66d3-4e45-832b-9d846acd3eb8,Tampa Reservatorio Expansao Peugeot 206 207 307 - Fl25.754,"R$42,19",Ver os meios de pagamento,0.0,Florio,Não tem,"FL25754 - TAMPA RESERVATORIO EXPANSAO Veículo C3, C4 Pallas, C5, C8, Picasso Nº Original 1306.J5 1,4 Bar",FAZER
3454,MLB1458862859,https://produto.mercadolivre.com.br/MLB-1458862859-caixa-radiador-peugeot-206-com-cano-inferior-_JM#position=5&search_layout=stack&type=item&tracking_id=0cde4fa7-b71c-41e5-978b-37ec77db28e5,Caixa Radiador Peugeot 206 Com Cano Inferior,"R$47,99",Ver os meios de pagamento,0.0,Peugeot,Não tem,1052,FAZER
3455,MLB1005811574,https://produto.mercadolivre.com.br/MLB-1005811574-tampa-reservatorio-peugeot-206-307-citroen-c3-c4-pallas-_JM#position=7&search_layout=stack&type=item&tracking_id=0cde4fa7-b71c-41e5-978b-37ec77db28e5,Tampa Reservatorio Peugeot 206 307 Citroen C3 C4 Pallas,"R$47,90",Ver os meios de pagamento,0.0,RADIADORES BICKEL generico,Não tem,BICKEL 938 - mf 754,FAZER
3456,MLB1458863607,https://produto.mercadolivre.com.br/MLB-1458863607-caixa-radiador-peugeot-206-inferior-3-saida-_JM#position=9&search_layout=stack&type=item&tracking_id=0cde4fa7-b71c-41e5-978b-37ec77db28e5,Caixa Radiador Peugeot 206 Inferior 3 Saida,"R$47,99",Ver os meios de pagamento,0.0,Peugeot,Não tem,1053,FAZER
3457,MLB1477985209,https://produto.mercadolivre.com.br/MLB-1477985209-suporte-de-fixaco-do-radiador-peugeot-novo-e-original-_JM#position=2&search_layout=stack&type=item&tracking_id=953d7d63-3048-441b-a9a5-03e72841a2f1,,,,,,,,FAZER
3458,MLB1920734764,https://produto.mercadolivre.com.br/MLB-1920734764-tampa-reservatorio-agua-radiador-peugeot-307-406-1306j5-_JM#position=2&search_layout=stack&type=item&tracking_id=1ee22d71-5f68-4c45-93b9-c94c23ad0eeb,"Tampa Reservatório Água Radiador Peugeot 307, 406 - 1306j5","R$54,90",Ver os meios de pagamento,0.0,Peugeot,Não tem,1306J5,FAZER
3459,MLB1920732078,https://produto.mercadolivre.com.br/MLB-1920732078-tampa-reservatorio-agua-radiador-peugeot-hoggar-1306j5-_JM#position=3&search_layout=stack&type=item&tracking_id=1ee22d71-5f68-4c45-93b9-c94c23ad0eeb,Tampa Reservatório Água Radiador Peugeot Hoggar - 1306j5,"R$54,90",Ver os meios de pagamento,0.0,Peugeot,Não tem,1306J5,FAZER
3460,MLB1948573949,https://produto.mercadolivre.com.br/MLB-1948573949-tampa-do-reservatorio-agua-peugeot-106306405406partner-_JM#position=12&search_layout=stack&type=item&tracking_id=b5ca734a-be45-4d94-8ef8-5eb0d1c95cf9,"Tampa Do Reservatório Agua Peugeot 106,306,405,406,partner","R$59,85",Ver os meios de pagamento,0.0,Flório,Não tem,25732,FAZER
3461,MLB1653242654,https://produto.mercadolivre.com.br/MLB-1653242654-caixa-do-radiador-peugeot-inf-sbico-in-7005-_JM#position=18&search_layout=stack&type=item&tracking_id=b5ca734a-be45-4d94-8ef8-5eb0d1c95cf9,Caixa Do Radiador Peugeot Inf. S/bico In 7005,R$60,Ver os meios de pagamento,0.0,Incaplás,Não tem,IN 7005,FAZER
3462,MLB1935463983,https://produto.mercadolivre.com.br/MLB-1935463983-tampa-reservatorio-agua-radiador-peugeot-405-93-a-97-_JM#position=7&search_layout=stack&type=item&tracking_id=d70250e7-b330-4a47-bfa9-67f50210dfac,Tampa Reservatório Água Radiador Peugeot 405 93 A 97,R$65,Ver os meios de pagamento,0.0,RIBPEÇAS DISTRIBUIDORA,Não tem,1306C6 1306C7,FAZER
3463,MLB1935467943,https://produto.mercadolivre.com.br/MLB-1935467943-tampa-reservatorio-agua-radiador-peugeot-partner-99-_JM#position=9&search_layout=stack&type=item&tracking_id=d70250e7-b330-4a47-bfa9-67f50210dfac,Tampa Reservatório Água Radiador Peugeot Partner +/99.,R$65,Ver os meios de pagamento,0.0,RIBPEÇAS DISTRIBUIDORA,Não tem,1306C6 1306C7,FAZER
3464,MLB1935467938,https://produto.mercadolivre.com.br/MLB-1935467938-tampa-reservatorio-agua-radiador-peugeot-partner-99-_JM#position=11&search_layout=stack&type=item&tracking_id=d70250e7-b330-4a47-bfa9-67f50210dfac,Tampa Reservatório Água Radiador Peugeot Partner +/99.,R$65,Ver os meios de pagamento,0.0,RIBPEÇAS DISTRIBUIDORA,Não tem,1306C6 1306C7,FAZER
3465,MLB1773302028,https://produto.mercadolivre.com.br/MLB-1773302028-tampa-reservatorio-de-agua-peugeot-307-ano-2005-_JM#position=48&search_layout=stack&type=item&tracking_id=f1f2820b-36dd-4204-8a38-77213ff138fd,,,,,,,,FAZER
3466,MLB1634432717,https://produto.mercadolivre.com.br/MLB-1634432717-tampa-reservatorio-radiador-peugeot-florio-f732-_JM#position=15&search_layout=stack&type=item&tracking_id=ca40df5b-13b0-43f4-b30b-6e9a6c83c149,Tampa Reservatório Radiador Peugeot Florio F732,"R$69,36",Ver os meios de pagamento,0.0,Flório,Não tem,Não tem,FAZER
3467,MLB1732277098,https://produto.mercadolivre.com.br/MLB-1732277098-tampa-reservatorio-radiador-peugeot-florio-f732-_JM#position=14&search_layout=stack&type=item&tracking_id=3139618b-b8f6-48ac-8d16-4afe613d8a6b,,,,,,,,FAZER
3468,MLB2075436227,https://produto.mercadolivre.com.br/MLB-2075436227-tampa-reservatorio-agua-peugeot-_JM#position=17&search_layout=stack&type=item&tracking_id=3139618b-b8f6-48ac-8d16-4afe613d8a6b,Tampa Reservatório Água Peugeot,R$70,Ver os meios de pagamento,0.0,Não tem,Não tem,Não tem,FAZER
3469,MLB1942741771,https://produto.mercadolivre.com.br/MLB-1942741771-tampa-reservatorio-expansao-peugeot-306-1994-1995-1996-_JM#position=1&search_layout=stack&type=item&tracking_id=e55c610b-cc5b-41de-b909-dd3109d1264a,Tampa Reservatorio Expansao Peugeot-306 1994 1995 1996,"R$76,24",Ver os meios de pagamento,0.0,Florio,"306 Anos: 2001, 2000, 1999, 1998, 1997, 1996, 1995, 1994...",LC514306,FAZER
3470,MLB1969199811,https://produto.mercadolivre.com.br/MLB-1969199811-tampa-reservatorio-peugeot405-1-4-bar-1993-1994-1995-_JM#position=11&search_layout=stack&type=item&tracking_id=e55c610b-cc5b-41de-b909-dd3109d1264a,,,,,,,,FAZER
3471,MLB1097911922,https://produto.mercadolivre.com.br/MLB-1097911922-tampa-reservatorio-expanso-405-19931997-f73225732-_JM#position=41&search_layout=stack&type=item&tracking_id=1b543230-3001-4a6c-b184-804a822756d6,,,,,,,,FAZER
3472,MLB1781792937,https://produto.mercadolivre.com.br/MLB-1781792937-caixa-radiador-peugeot-206-307-inferior-565-mm-x-43-mm-_JM#position=3&search_layout=stack&type=item&tracking_id=da84942b-2d43-4811-a374-282d1efa262f,Caixa Radiador Peugeot 206 / 307 - Inferior 565 Mm X 43 Mm,"R$80,90",Ver os meios de pagamento,0.0,RADIADORES BICKEL generico,Não tem,BICKEL PE 703 ZEL,FAZER
3473,MLB1557461779,https://produto.mercadolivre.com.br/MLB-1557461779-tampa-reservatorio-radiador-peugeot-106306405406-_JM#position=3&search_layout=stack&type=item&tracking_id=9d8ee9c1-2636-43b0-b820-5338f154470b,Tampa Reservatório Radiador Peugeot 106/306/405/406,"R$85,26",Ver os meios de pagamento,0.0,Flório,Não tem,MF25732,FAZER
3474,MLB1458884993,https://produto.mercadolivre.com.br/MLB-1458884993-caixa-radiador-peugeot-307-c4-inferior-_JM#position=7&search_layout=stack&type=item&tracking_id=6c5e64cc-d847-4499-9ec1-44a221457c59,Caixa Radiador Peugeot 307 / C4 Inferior,"R$89,90",Ver os meios de pagamento,0.0,Peugeot,Não tem,1062,FAZER
3475,MLB2008780305,https://produto.mercadolivre.com.br/MLB-2008780305-tampa-reservatorio-expansao-peugeot-405-1996-florio-_JM#position=6&search_layout=stack&type=item&tracking_id=0100690d-739b-41ee-8838-58955c5ab030,Tampa Reservatorio Expansao Peugeot 405 1996 Florio,"R$92,39",Ver os meios de pagamento,0.0,Florio,"405 Anos: 1995, 1994, 1993...",LC514306,FAZER
3476,MLB811166376,https://produto.mercadolivre.com.br/MLB-811166376-caixa-do-radiador-peugeot-206-bico-fino-_JM#position=9&search_layout=stack&type=item&tracking_id=4bfcbb01-6bae-4d06-94f7-7e58bae1bfce,Caixa Do Radiador Peugeot 206 Bico Fino,"R$99,99",Ver os meios de pagamento,0.0,Peugeot,Não tem,1040....10,FAZER
3477,MLB811160716,https://produto.mercadolivre.com.br/MLB-811160716-caixa-do-radiador-peugeot-207-bico-grosso-_JM#position=10&search_layout=stack&type=item&tracking_id=4bfcbb01-6bae-4d06-94f7-7e58bae1bfce,Caixa Do Radiador Peugeot 207 Bico Grosso,"R$99,99",Ver os meios de pagamento,0.0,Peugeot,Não tem,1050...16,FAZER
3478,MLB1985874401,https://produto.mercadolivre.com.br/MLB-1985874401-tampa-reservatorio-agua-porsche-panamera-30e-1116-_JM#position=18&search_layout=stack&type=item&tracking_id=712b6883-1384-415c-824e-3be57ffc6c83,,,,,,,,FAZER
3479,MLB2064732493,https://produto.mercadolivre.com.br/MLB-2064732493-caixa-radiador-rav-4-aut-2007-2008-_JM#position=1&search_layout=stack&type=item&tracking_id=ca4bc57b-ddb1-44c4-9809-e3dc4126166a,Caixa Radiador Rav 4 Aut 2007 2008,"R$100,33",Ver os meios de pagamento,0.0,PROCOOLER,Não tem,PC102741,FAZER
3480,MLB2064826904,https://produto.mercadolivre.com.br/MLB-2064826904-caixa-radiador-rav-4-2007-2008-_JM#position=2&search_layout=stack&type=item&tracking_id=ca4bc57b-ddb1-44c4-9809-e3dc4126166a,Caixa Radiador Rav 4 2007 2008,"R$100,33",Ver os meios de pagamento,0.0,PROCOOLER,Não tem,PC102741,FAZER
3481,MLB1985858610,https://produto.mercadolivre.com.br/MLB-1985858610-caixa-do-radiador-mercede-benz-o500-com-pino-do-medio-pe-_JM#position=1&search_layout=stack&type=item&tracking_id=804002a0-1ac5-4fd9-9b8c-4a3a278955d2,Caixa Do Radiador Mercede Benz O500 Com Pino Do (medio / Pe,"R$297,22",Ver os meios de pagamento,0.0,PROCOOLER,Não tem,Não tem,FAZER
3482,MLB1969455041,https://produto.mercadolivre.com.br/MLB-1969455041-caixa-do-radiador-iveco-eurocargo-tector-2002-em-diante-c-_JM#position=2&search_layout=stack&type=item&tracking_id=3e0793c6-5711-44da-8bdc-c260be5195e5,,,,,,,,FAZER
3483,MLB1981723534,https://produto.mercadolivre.com.br/MLB-1981723534-tampa-11-bar-valvula-alta-_JM#position=2&search_layout=stack&type=item&tracking_id=9e3170c6-3618-4897-a8f2-b5d78f0e6ae4,Tampa 1.1 Bar Valvula Alta,"R$50,22",Ver os meios de pagamento,0.0,PROCOOLER,Não tem,Não tem,FAZER
3484,MLB1840426096,https://produto.mercadolivre.com.br/MLB-1840426096-caixa-do-radiador-toyota-rav4-2007-em-diante-inferior-do-el-_JM#position=1&search_layout=stack&type=item&tracking_id=0514102a-2a6f-4f74-9bed-9f94973d545b,Caixa Do Radiador Toyota Rav4 2007 Em Diante Inferior Do El,"R$58,75",Ver os meios de pagamento,0.0,PROCOOLER,Não tem,Não tem,FAZER
